UUID;Aktueller Name;Vorgeschlagener Name;Status;Sicherheit;Biografie (biography_de);Quelle;Quell-URL;Quellentyp;Verknüpfte Events;Verknüpfte Werke;Empfohlene Aktion;Prüf-/Bereinigungshinweis
8f2c89e1-ed2b-4f7a-a60e-2a147333cb9e;Alan Fernie;Alan Fernie;Importbereit;Mittel bis hoch;Alan Fernie ist eine Persönlichkeit des Musiklebens mit Bezug zu Schottland. Zu den dokumentierten Tätigkeitsfeldern gehören Komposition, Dirigieren und Arrangement. Die verknüpften Münchner Programmdaten nennen Alan Fernie für Komposition bei „Kisoboka – Everything Is Possible“.;MusicBrainz: arranger, composer, adjudicator, conductor;https://musicbrainz.org/artist/6f328ede-6732-47b3-ab12-c5b9d0c4f4ff;MusicBrainz;1;0;biography_de per UUID aktualisieren;
ef7257f2-47d7-4378-8da3-39d2864c0451;Albert Roussel;Albert Roussel;Importbereit;Hoch;Albert Roussel (1869–1937) war eine Persönlichkeit des Kulturlebens mit Bezug zu Frankreich. Zu den dokumentierten Tätigkeitsfeldern gehören Komposition, Tanz und Choreografie, Klavier, Musikwissenschaft und Musikpädagogik. Im erfassten Konzertrepertoire ist Albert Roussel unter anderem mit „Symphonie Nr. 3“ vertreten.;Wikidata + deutsche Wikipedia;https://de.wikipedia.org/wiki/Albert_Roussel;Wikidata + deutsche Wikipedia;2;1;biography_de per UUID aktualisieren;
12a0cc81-aa7e-4d7a-89bb-dab991cd9388;Alexander Borodin;Alexander Borodin;Importbereit;Hoch;Alexander Borodin (1833–1887) war eine Persönlichkeit des Musiklebens mit Bezug zu Russisches Kaiserreich. Zu den dokumentierten Tätigkeitsfeldern gehören Komposition, Klavier, Flöte und Violoncello.;Wikidata + deutsche Wikipedia;https://de.wikipedia.org/wiki/Alexander_Porfirjewitsch_Borodin;Wikidata + deutsche Wikipedia;0;0;biography_de per UUID aktualisieren;
08a7fb42-20dc-45ee-aee4-70329708a23c;Alexander Gadjiev;Alexander Gadjiev;Importbereit;Hoch;Alexander Gadjiev (* 1994) ist eine Persönlichkeit des Musiklebens mit Bezug zu Italien. Zu den dokumentierten Tätigkeitsfeldern gehören Klavier. Die verknüpften Münchner Programmdaten nennen Alexander Gadjiev für solistische Mitwirkung bei „Alexander Gadjiev & das Staatliche Sinfonieorchester Litauen“.;Wikidata + englische Wikipedia;https://en.wikipedia.org/wiki/Alexander_Gadjiev;Wikidata + englische Wikipedia;1;0;biography_de per UUID aktualisieren;
32709f4a-fd12-46d3-8a94-23a9a6f2a985;Alexander Scriabin;Alexander Scriabin;Importbereit;Hoch;Alexander Nikolajewitsch Skrjabin (1871–1915) war ein bedeutender russischer Pianist und Komponist. Er prägte die Musikgeschichte der Jahrhundertwende mit seinem unverwechselbaren Klavier- und Orchesterwerk, das sich von spätromantischen Einflüssen zu einer radikal eigenen Harmonik und Mystik entwickelte. Sein Schaffen umfasst zahlreiche Klaviersonaten, Präludien sowie großangelegte Orchesterwerke.;Wikipedia (über die Recherchefunktion des Projekts);https://de.wikipedia.org/wiki/Alexander_Nikolajewitsch_Skrjabin;Wikipedia;1;1;biography_de per UUID aktualisieren;
74ac6fa5-7bfb-49bc-8ca2-667f6c3347a7;Alexandra Conunova;Alexandra Conunova;Importbereit;Mittel bis hoch;Alexandra Conunova (* 1988) ist eine Persönlichkeit des Musiklebens mit Bezug zu Moldau. Zu den dokumentierten Tätigkeitsfeldern gehören Violine. Die verknüpften Münchner Programmdaten nennen Alexandra Conunova für solistische Mitwirkung bei „Alexandra Conunova & die Stuttgarter Philharmoniker“.;MusicBrainz: violinist;https://musicbrainz.org/artist/bf5e349d-d6a2-4860-aa14-61f173947114;MusicBrainz;1;0;biography_de per UUID aktualisieren;
da5878ba-9d1a-44ba-b613-502ddb7dbd90;Alfred Schnittke;Alfred Schnittke;Importbereit;Hoch;Alfred Schnittke (1934–1998) war eine Persönlichkeit des Musiklebens mit Bezug zu Sowjetunion. Zu den dokumentierten Tätigkeitsfeldern gehören Komposition, Klavier und Musikpädagogik.;Wikidata + deutsche Wikipedia;https://de.wikipedia.org/wiki/Alfred_Schnittke;Wikidata + deutsche Wikipedia;0;0;biography_de per UUID aktualisieren;
910c4f53-92ba-4b2a-8087-8526c79a02ba;Alice Marie Weber;Alice Marie Weber;Importbereit;Hoch;Alice Marie Weber ist Bratschistin im Symphonieorchester des Bayerischen Rundfunks, dem sie seit 2015 angehört. Sie begann ihre Ausbildung als Jungstudentin für Violine am Richard-Strauss-Konservatorium in München und wechselte während des Studiums an der Hochschule für Musik und Theater München zur Viola. Weitere Studien führten sie zu Kim Kashkashian an das New England Conservatory in Boston. Orchestererfahrung sammelte sie unter anderem im Koninklijk Concertgebouworkest und als Solo-Bratschistin des Gustav Mahler Jugendorchesters.;Symphonieorchester des Bayerischen Rundfunks;https://www.brso.de/besetzung/alice-marie-weber/;Offizielle Orchesterwebsite;0;0;biography_de per UUID aktualisieren;
45f8588b-176a-471d-9f6e-d31f234cc59a;Amartuvshin Enkhbat;Amartuvshin Enkhbat;Importbereit;Hoch;Amartuvshin Enkhbat (* 1986) ist eine Persönlichkeit des Musiklebens mit Bezug zu Mongolei. Zu den dokumentierten Tätigkeitsfeldern gehören Gesang. Als Instrument beziehungsweise stimmlicher Schwerpunkt ist Singstimme verzeichnet.;Wikidata + englische Wikipedia;https://en.wikipedia.org/wiki/Enkhbatyn_Amart%C3%BCvshin;Wikidata + englische Wikipedia;0;0;biography_de per UUID aktualisieren;
117ed9b9-076f-4844-bc2e-2b752f0a878f;Amy Beach;Amy Beach;Importbereit;Hoch;Amy Beach (1867–1944) war eine Persönlichkeit des Musiklebens mit Bezug zu Vereinigte Staaten. Zu den dokumentierten Tätigkeitsfeldern gehören Klavier und Komposition. Die verknüpften Münchner Programmdaten nennen Amy Beach für Komposition bei „Münchner Philharmoniker: Dvořák Chopin Beach“ und „Münchner Philharmoniker: 4th Youth Concert“.;Wikidata + deutsche Wikipedia;https://de.wikipedia.org/wiki/Amy_Beach;Wikidata + deutsche Wikipedia;3;0;biography_de per UUID aktualisieren;
fc43116f-2b47-427d-a9bd-a669a64fe0dc;Andrea Eun-Jeong Kim;Andrea Eun-Jeong Kim;Importbereit;Hoch;Andrea Eun-Jeong Kim ist Violinistin im Symphonieorchester des Bayerischen Rundfunks. Sie studierte bei Michael Gaiser, Thomas Brandis und Gerhard Schulz und wurde bei mehreren Wettbewerben ausgezeichnet. Einen Schwerpunkt ihrer künstlerischen Arbeit bildet die Kammermusik: Sie gründete das Amici Ensemble, das Heinrich Heine Trio und ein Duo mit dem Gitarristen Peter Ernst. Darüber hinaus entwickelt sie musik-literarische Programme mit Schauspielern.;Symphonieorchester des Bayerischen Rundfunks;https://www.brso.de/en/cast/andrea-eun-jeong-kim/;Offizielle Orchesterwebsite;0;0;biography_de per UUID aktualisieren;
e825c827-91ed-4e16-ae53-628a44c9b5e6;Andreas Ottensamer;Andreas Ottensamer;Importbereit;Hoch;Andreas Ottensamer (* 1989) ist eine Persönlichkeit des Musiklebens mit Bezug zu Österreich. Zu den dokumentierten Tätigkeitsfeldern gehören Klarinette, Dirigieren, Klavier und Violoncello. Die verknüpften Münchner Programmdaten nennen Andreas Ottensamer für solistische Mitwirkung bei „Kian Soltani, Andreas Ottensamer & das Münchener Kammerorchester“ und „Andreas Ottensamer & das Concertgebouw Chamber Orchestra Amsterdam“.;Wikidata + deutsche Wikipedia;https://de.wikipedia.org/wiki/Andreas_Ottensamer;Wikidata + deutsche Wikipedia;2;0;biography_de per UUID aktualisieren;
8a152ecf-f8d6-4077-9536-4c7809d0f1b2;Angela Metzger;Angela Metzger;Importbereit;Hoch;Angela Metzger (* 1986) ist eine Persönlichkeit des Musiklebens mit Bezug zu Deutschland. Zu den dokumentierten Tätigkeitsfeldern gehören Orgel. Die verknüpften Münchner Programmdaten nennen Angela Metzger für solistische Mitwirkung bei „Orgelkonzert mit Angela Metzger“.;Wikidata + deutsche Wikipedia;https://de.wikipedia.org/wiki/Angela_Metzger;Wikidata + deutsche Wikipedia;1;0;biography_de per UUID aktualisieren;
df0dc350-397c-4295-9a5e-ffdbf04d00af;Anja Bihlmaier;Anja Bihlmaier;Importbereit;Hoch;Anja Bihlmaier, geboren 1978 in Schwäbisch Gmünd, ist eine deutsche Dirigentin. Sie war von 2021 bis 2025 Chefdirigentin des Den Haager Residentie Orkest sowie von Herbst 2020 bis Frühjahr 2024 Erste Gastdirigentin der Sinfonia Lahti. Seit 2024 bekleidet sie das Amt der Ersten Gastdirigentin des BBC Philharmonic Orchestra.;Wikipedia (über die Recherchefunktion des Projekts);https://de.wikipedia.org/wiki/Anja_Bihlmaier;Wikipedia;2;0;biography_de per UUID aktualisieren;
dac1724b-4bb7-42fb-9c73-db1d17979752;Anna Prohaska;Anna Prohaska;Importbereit;Hoch;Anna Prohaska (* 1983) ist eine Persönlichkeit des Musiklebens mit Bezug zu Österreich. Zu den dokumentierten Tätigkeitsfeldern gehören Gesang und Sopran. Als Instrument beziehungsweise stimmlicher Schwerpunkt ist Singstimme verzeichnet.;Wikidata + deutsche Wikipedia;https://de.wikipedia.org/wiki/Anna_Prohaska;Wikidata + deutsche Wikipedia;0;0;biography_de per UUID aktualisieren;
6e37b1f3-9475-49a8-a4bd-1e5159a45d03;Anna Vinnitskaya;Anna Vinnitskaya;Importbereit;Hoch;Anna Vinnitskaya, geboren 1983 in Noworossijsk, ist eine russische Pianistin und Hochschulprofessorin. Sie konzertiert international als Solistin und ist für ihr virtuoses Klavierspiel bekannt. Neben ihrer regen Konzerttätigkeit gibt sie ihr Wissen als Professorin an Studierende weiter.;Wikipedia (über die Recherchefunktion des Projekts);https://de.wikipedia.org/wiki/Anna_Vinnitskaya;Wikipedia;0;0;biography_de per UUID aktualisieren;
abfaaa7b-a93a-4dfb-ad47-a4d06cc3f9b5;Anne Sofie von Otter;Anne Sofie von Otter;Importbereit;Hoch;Anne Sofie von Otter (* 1955) ist eine Persönlichkeit des Musiklebens mit Bezug zu Schweden. Zu den dokumentierten Tätigkeitsfeldern gehören Gesang, Sopran und Mezzosopran. Als Instrument beziehungsweise stimmlicher Schwerpunkt ist Singstimme verzeichnet.;Wikidata + deutsche Wikipedia;https://de.wikipedia.org/wiki/Anne_Sofie_von_Otter;Wikidata + deutsche Wikipedia;0;0;biography_de per UUID aktualisieren;
76f98992-626a-4d40-bb33-6287033d607e;Antoine Tamestit;Antoine Tamestit;Importbereit;Hoch;Antoine Tamestit (* 1979) ist eine Persönlichkeit des Musiklebens mit Bezug zu Frankreich. Zu den dokumentierten Tätigkeitsfeldern gehören Viola. Als Instrument beziehungsweise stimmlicher Schwerpunkt ist Bratsche verzeichnet. Die verknüpften Münchner Programmdaten nennen Antoine Tamestit für solistische Mitwirkung bei „Jubiläumskonzert: 75 Jahre ARD-Musikwettbewerb“.;Wikidata + deutsche Wikipedia;https://de.wikipedia.org/wiki/Antoine_Tamestit;Wikidata + deutsche Wikipedia;1;0;biography_de per UUID aktualisieren;
c99eb1ab-26c7-4933-b112-5e249cf0d443;Antonin Artaud;Antonin Artaud;Importbereit;Hoch;Antonin Artaud (1896–1948) war eine Persönlichkeit des Kulturlebens mit Bezug zu Frankreich. Zu den dokumentierten Tätigkeitsfeldern gehören Schauspiel, Literatur, Regie und Bildende Kunst.;Wikidata + deutsche Wikipedia;https://de.wikipedia.org/wiki/Antonin_Artaud;Wikidata + deutsche Wikipedia;0;0;biography_de per UUID aktualisieren;
ed21e062-581a-469b-b572-5f33687da41e;Antonín Dvořák;Antonín Dvořák;Importbereit;Hoch;Antonín Dvořák (1841–1904) war eine Persönlichkeit des Musiklebens mit Bezug zu Königreich Böhmen. Zu den dokumentierten Tätigkeitsfeldern gehören Komposition, Orgel, Dirigieren, Musikwissenschaft und Violine. Als Instrument beziehungsweise stimmlicher Schwerpunkt sind Orgel, Klavier und Violine verzeichnet. Im erfassten Konzertrepertoire ist Antonín Dvořák unter anderem mit „Scherzo capriccioso“ vertreten.;Wikidata + deutsche Wikipedia;https://de.wikipedia.org/wiki/Anton%C3%ADn_Dvo%C5%99%C3%A1k;Wikidata + deutsche Wikipedia;2;1;biography_de per UUID aktualisieren;
d27770d3-b48b-430b-85b5-8a6f3c54b5f6;Antonio Vivaldi;Antonio Vivaldi;Importbereit;Hoch;Antonio Vivaldi (1678–1741) war eine Persönlichkeit des Musiklebens mit Bezug zu Republik Venedig. Zu den dokumentierten Tätigkeitsfeldern gehören Komposition, Violine, Musikpädagogik, Cembalo und Viola. Im erfassten Konzertrepertoire ist Antonio Vivaldi unter anderem mit „Concerto für vier Violinen und Orchester“, „Le quattro stagioni (Violinkonzerte)“ und „Concerto D-Dur“ vertreten.;Wikidata + deutsche Wikipedia;https://de.wikipedia.org/wiki/Antonio_Vivaldi;Wikidata + deutsche Wikipedia;2;4;biography_de per UUID aktualisieren;
cd40ae58-591f-434b-9a1e-7d44b7036b08;Astor Piazzolla;Astor Piazzolla;Importbereit;Hoch;Astor Piazzolla (1921–1992) war eine Persönlichkeit des Musiklebens mit Bezug zu Argentinien. Zu den dokumentierten Tätigkeitsfeldern gehören Komposition und Dirigieren. Als Instrument beziehungsweise stimmlicher Schwerpunkt ist Bandoneon verzeichnet. Im erfassten Konzertrepertoire ist Astor Piazzolla unter anderem mit „Las cuatro estaciones porteñas“ und „Aconcagua. Konzert für Bandoneon und Orchester“ vertreten.;Wikidata + deutsche Wikipedia;https://de.wikipedia.org/wiki/Astor_Piazzolla;Wikidata + deutsche Wikipedia;1;2;biography_de per UUID aktualisieren;
1a246799-3c5c-42af-9e80-58c9d5a95502;Avi Avital;Avi Avital;Importbereit;Hoch;Avi Avital (* 1978) ist eine Persönlichkeit des Musiklebens mit Bezug zu Israel. Zu den dokumentierten Tätigkeitsfeldern gehören Mandoline, Komposition und Arrangement. Die verknüpften Münchner Programmdaten nennen Avi Avital für solistische Mitwirkung bei „Avi Avital & das Kammerorchester des Symphonieorchesters des Bayerischen Rundfunks“ und „Avi Avital : Kammerorchester: Werke von Vivaldi, Tsintsadze, de Falla und Piazzolla“.;Wikidata + deutsche Wikipedia;https://de.wikipedia.org/wiki/Avi_Avital;Wikidata + deutsche Wikipedia;2;0;biography_de per UUID aktualisieren;
74f19864-3430-4352-8669-23c77ec7b5cf;Barbara Hannigan;Barbara Hannigan;Importbereit;Hoch;Barbara Hannigan (* 1971) ist eine Persönlichkeit des Kulturlebens mit Bezug zu Kanada. Zu den dokumentierten Tätigkeitsfeldern gehören Dirigieren, Gesang, Bildende Kunst und Sopran. Als Instrument beziehungsweise stimmlicher Schwerpunkt ist Singstimme verzeichnet. Die verknüpften Münchner Programmdaten nennen Barbara Hannigan für Dirigat bei „Münchner Philharmoniker: Khayam Haydn Messiaen Ravel Schreker“.;Wikidata + deutsche Wikipedia;https://de.wikipedia.org/wiki/Barbara_Hannigan;Wikidata + deutsche Wikipedia;2;0;biography_de per UUID aktualisieren;
2cf13072-3cd6-42f7-a2b0-024248b96221;Béla Bartók;Béla Bartók;Importbereit;Hoch;Béla Bartók (1881–1945) war eine Persönlichkeit des Kulturlebens mit Bezug zu Ungarn. Zu den dokumentierten Tätigkeitsfeldern gehören Komposition, Klavier, Tanz und Choreografie, Musikwissenschaft und Musikpädagogik. Im erfassten Konzertrepertoire ist Béla Bartók unter anderem mit „Konzert für Orchester“ vertreten.;Wikidata + deutsche Wikipedia;https://de.wikipedia.org/wiki/B%C3%A9la_Bart%C3%B3k;Wikidata + deutsche Wikipedia;1;1;biography_de per UUID aktualisieren;
dfd81097-3b46-4c12-8e3e-5890da03aebe;Benjamin Bruns;Benjamin Bruns;Importbereit;Hoch;Benjamin Bruns (* 1980) ist eine Persönlichkeit des Musiklebens mit Bezug zu Deutschland. Zu den dokumentierten Tätigkeitsfeldern gehören Gesang und Tenor. Als Instrument beziehungsweise stimmlicher Schwerpunkt ist Singstimme verzeichnet.;Wikidata + deutsche Wikipedia;https://de.wikipedia.org/wiki/Benjamin_Bruns;Wikidata + deutsche Wikipedia;0;0;biography_de per UUID aktualisieren;"MusicBrainz enthält 2 gleichnamige Personeneinträge; Zuordnung vor Import prüfen."
b04dcff9-5295-4dcc-aa64-5e39b8da35b2;Bertolt Brecht;Bertolt Brecht;Importbereit;Mittel bis hoch;Bertolt Brecht (1898–1956) war eine Persönlichkeit des Musiklebens mit Bezug zu Deutschland. Zu den dokumentierten Tätigkeitsfeldern gehören Oboe. Die verknüpften Münchner Programmdaten nennen Bertolt Brecht für Komposition bei „Lars Eidinger liest, spielt, singt Bertolt Brechts Hauspostille“.;MusicBrainz: Bertolt Brecht;https://musicbrainz.org/artist/95fb3a0c-fc74-4f51-acba-bbe5b3a78e32;MusicBrainz;1;0;biography_de per UUID aktualisieren;
d9239646-6b53-4bf3-93e9-8bc5a83e6dd5;Bertrand Chamayou;Bertrand Chamayou;Importbereit;Hoch;Bertrand Chamayou (* 1981) ist eine Persönlichkeit des Musiklebens mit Bezug zu Frankreich. Zu den dokumentierten Tätigkeitsfeldern gehören Klavier. Die verknüpften Münchner Programmdaten nennen Bertrand Chamayou für solistische Mitwirkung bei „Münchner Philharmoniker: Khayam Haydn Messiaen Ravel Schreker“.;Wikidata + deutsche Wikipedia;https://de.wikipedia.org/wiki/Bertrand_Chamayou;Wikidata + deutsche Wikipedia;2;0;biography_de per UUID aktualisieren;
669d0b45-9897-4066-94de-a2dd914e3ad7;Bill Laurance;Bill Laurance;Importbereit;Hoch;Bill Laurance (* 1981) ist eine Persönlichkeit des Musiklebens mit Bezug zu Vereinigtes Königreich. Zu den dokumentierten Tätigkeitsfeldern gehören Jazz, Komposition und Klavier. Als Instrument beziehungsweise stimmlicher Schwerpunkt sind Tasteninstrument, Klavier und Keyboard verzeichnet.;Wikidata + deutsche Wikipedia;https://de.wikipedia.org/wiki/Bill_Laurance;Wikidata + deutsche Wikipedia;0;0;biography_de per UUID aktualisieren;
0ca792b6-e854-4fc2-8a93-73dec65b6a0f;Carlo Gesualdo;Carlo Gesualdo;Importbereit;Hoch;Carlo Gesualdo (1566–1613) war eine Persönlichkeit des Musiklebens mit Bezug zu Königreich Neapel. Zu den dokumentierten Tätigkeitsfeldern gehören Komposition. Als Instrument beziehungsweise stimmlicher Schwerpunkt ist Laute verzeichnet.;Wikidata + deutsche Wikipedia;https://de.wikipedia.org/wiki/Carlo_Gesualdo;Wikidata + deutsche Wikipedia;0;0;biography_de per UUID aktualisieren;
c8123ca8-782f-46cb-acaf-9dcfc40b9747;Catriona Morison;Catriona Morison;Importbereit;Hoch;Catriona Morison (* 1986) ist eine Persönlichkeit des Musiklebens mit Bezug zu Vereinigtes Königreich. Zu den dokumentierten Tätigkeitsfeldern gehören Gesang, Sopran und Mezzosopran. Als Instrument beziehungsweise stimmlicher Schwerpunkt ist Singstimme verzeichnet.;Wikidata + deutsche Wikipedia;https://de.wikipedia.org/wiki/Catriona_Morison;Wikidata + deutsche Wikipedia;0;0;biography_de per UUID aktualisieren;
55ab4799-1d1d-477e-ac33-8acedd3c894c;Charles Gounod;Charles Gounod;Importbereit;Hoch;Charles Gounod (1818–1893) war eine Persönlichkeit des Musiklebens mit Bezug zu Frankreich. Zu den dokumentierten Tätigkeitsfeldern gehören Komposition, Musikwissenschaft, Musikpädagogik und Orgel.;Wikidata + deutsche Wikipedia;https://de.wikipedia.org/wiki/Charles_Gounod;Wikidata + deutsche Wikipedia;0;0;biography_de per UUID aktualisieren;
0ed84648-ebe3-4871-a0c4-dd1686feae62;Charlie Chaplin;Charlie Chaplin;Importbereit;Hoch;Charlie Chaplin (1889–1977) war eine Persönlichkeit des Kulturlebens mit Bezug zu Vereinigtes Königreich Großbritannien und Irland. Zu den dokumentierten Tätigkeitsfeldern gehören Regie, Komposition, Schauspiel, Literatur und Filmregie.;Wikidata + deutsche Wikipedia;https://de.wikipedia.org/wiki/Charlie_Chaplin;Wikidata + deutsche Wikipedia;0;0;biography_de per UUID aktualisieren;"MusicBrainz enthält 4 gleichnamige Personeneinträge; Zuordnung vor Import prüfen."
72e71ac3-eb40-4b4b-909b-7fcee62ee4ff;Chen Yi;Chen Yi;Importbereit;Hoch;Chen Yi (* 1953) ist eine Persönlichkeit des Musiklebens mit Bezug zu Volksrepublik China. Zu den dokumentierten Tätigkeitsfeldern gehören Komposition, Musikpädagogik, Klavier und Violine. Im erfassten Konzertrepertoire ist Chen Yi unter anderem mit „»Water Messenger« für Orchester“ vertreten.;Wikidata + deutsche Wikipedia;https://de.wikipedia.org/wiki/Chen_Yi_(Komponistin);Wikidata + deutsche Wikipedia;0;2;biography_de per UUID aktualisieren;
fa8c958e-e176-464f-b550-8cc0c0a1a719;Christian Brückner;Christian Brückner;Importbereit;Hoch;Christian Brückner (* 1943) ist eine Persönlichkeit des Kulturlebens mit Bezug zu Deutschland. Zu den dokumentierten Tätigkeitsfeldern gehören Schauspiel, Gesang und Oboe. Die verknüpften Münchner Programmdaten nennen Christian Brückner bei „Christian Brückner & Martin Auer Quintett“.;Wikidata + deutsche Wikipedia;https://de.wikipedia.org/wiki/Christian_Br%C3%BCckner;Wikidata + deutsche Wikipedia;1;0;biography_de per UUID aktualisieren;
1280bab8-3836-4236-b15b-66cca8ac9a16;Christian Eggen;Christian Eggen;Importbereit;Hoch;Christian Eggen (* 1957) ist eine Persönlichkeit des Musiklebens mit Bezug zu Norwegen. Zu den dokumentierten Tätigkeitsfeldern gehören Dirigieren, Komposition und Klavier.;Wikidata + englische Wikipedia;https://en.wikipedia.org/wiki/Christian_Eggen;Wikidata + englische Wikipedia;0;0;biography_de per UUID aktualisieren;
6f89815d-e1b1-473c-8c41-4dc98d76b442;Christina Landshamer;Christina Landshamer;Importbereit;Hoch;Christina Landshamer (* 1977) ist eine Persönlichkeit des Musiklebens mit Bezug zu Deutschland. Zu den dokumentierten Tätigkeitsfeldern gehören Gesang und Sopran. Als Instrument beziehungsweise stimmlicher Schwerpunkt ist Singstimme verzeichnet.;Wikidata + deutsche Wikipedia;https://de.wikipedia.org/wiki/Christina_Landshamer;Wikidata + deutsche Wikipedia;0;0;biography_de per UUID aktualisieren;
89cdaf09-25d6-4f34-b5b6-f65d65477ba8;Cornel Frey;Cornel Frey;Importbereit;Hoch;Cornel Frey (* 1977) ist eine Persönlichkeit des Musiklebens mit Bezug zu Schweiz. Zu den dokumentierten Tätigkeitsfeldern gehören Gesang und Tenor. Als Instrument beziehungsweise stimmlicher Schwerpunkt ist Singstimme verzeichnet.;Wikidata + deutsche Wikipedia;https://de.wikipedia.org/wiki/Cornel_Frey;Wikidata + deutsche Wikipedia;0;0;biography_de per UUID aktualisieren;
5e0a018e-d3c5-4412-b1cb-71ddd4329253;Daniel Harding;Daniel Harding;Importbereit;Hoch;Daniel Harding (* 1975) ist eine Persönlichkeit des Musiklebens mit Bezug zu Vereinigtes Königreich. Zu den dokumentierten Tätigkeitsfeldern gehören Dirigieren. Die verknüpften Münchner Programmdaten nennen Daniel Harding für Dirigat bei „Daniel Harding & Seong-Jin Cho: Werke von Birtwistle, Donghoon Shin und Tschaikowsky“.;Wikidata + deutsche Wikipedia;https://de.wikipedia.org/wiki/Daniel_Harding;Wikidata + deutsche Wikipedia;2;0;biography_de per UUID aktualisieren;
cb308b2e-8572-4186-a6ae-d838653325fb;Daniel Hope;Daniel Hope;Importbereit;Hoch;Daniel Hope (* 1973) ist eine Persönlichkeit des Kulturlebens mit Bezug zu Deutschland. Zu den dokumentierten Tätigkeitsfeldern gehören Violine, Musikpädagogik, Dirigieren und Schauspiel.;Wikidata + deutsche Wikipedia;https://de.wikipedia.org/wiki/Daniel_Hope_(Violinist);Wikidata + deutsche Wikipedia;0;0;biography_de per UUID aktualisieren;
5c002702-feda-456b-9600-3ffeeee762f2;Darius Milhaud;Darius Milhaud;Importbereit;Hoch;Darius Milhaud (1892–1974) war eine Persönlichkeit des Musiklebens mit Bezug zu Frankreich. Zu den dokumentierten Tätigkeitsfeldern gehören Dirigieren, Musikwissenschaft, Musikpädagogik, Jazz und Komposition. Als Instrument beziehungsweise stimmlicher Schwerpunkt ist Klavier verzeichnet. Im erfassten Konzertrepertoire ist Darius Milhaud unter anderem mit „La Création du monde“, „Ouvertüre aus La Création du monde für Orchester“ und „Ouverture zu »La création du monde«“ vertreten.;Wikidata + deutsche Wikipedia;https://de.wikipedia.org/wiki/Darius_Milhaud;Wikidata + deutsche Wikipedia;1;3;biography_de per UUID aktualisieren;
521db555-9903-4fee-8381-9f6223a11854;Dave Malloy;Dave Malloy;Importbereit;Hoch;Dave Malloy (* 1976) ist eine Persönlichkeit des Kulturlebens mit Bezug zu Vereinigte Staaten. Zu den dokumentierten Tätigkeitsfeldern gehören Komposition, Schauspiel, Dirigieren und Klavier.;Wikidata + englische Wikipedia;https://en.wikipedia.org/wiki/Dave_Malloy;Wikidata + englische Wikipedia;0;0;biography_de per UUID aktualisieren;
6caa453d-1c63-4991-8c69-05d12293ddd7;David Fray;David Fray;Importbereit;Hoch;David Fray (* 1981) ist eine Persönlichkeit des Musiklebens mit Bezug zu Frankreich. Zu den dokumentierten Tätigkeitsfeldern gehören Klavier. Die verknüpften Münchner Programmdaten nennen David Fray für solistische Mitwirkung bei „David Fray : Kammerorchester: Werke von Johann Sebastian Bach“.;Wikidata + deutsche Wikipedia;https://de.wikipedia.org/wiki/David_Fray;Wikidata + deutsche Wikipedia;1;0;biography_de per UUID aktualisieren;
7c1e014c-05f8-476e-a2b2-05561b3279fe;Dennis Russell Davies;Dennis Russell Davies;Importbereit;Hoch;Dennis Russell Davies (* 1944) ist eine Persönlichkeit des Kulturlebens mit Bezug zu Vereinigte Staaten. Zu den dokumentierten Tätigkeitsfeldern gehören Dirigieren, Klavier, Bildende Kunst und Komposition. Die verknüpften Münchner Programmdaten nennen Dennis Russell Davies für Dirigat bei „Symphonieorchester des Bayerischen Rundfunks: 75. Internationaler Musikwettbewerb der ARD: Preisträgerkonzert“.;Wikidata + deutsche Wikipedia;https://de.wikipedia.org/wiki/Dennis_Russell_Davies;Wikidata + deutsche Wikipedia;1;0;biography_de per UUID aktualisieren;
a23236e4-2fb2-478b-bbfe-299c3993eb8a;Dominique Horwitz;Dominique Horwitz;Importbereit;Hoch;Dominique Horwitz (* 1957) ist eine Persönlichkeit des Kulturlebens mit Bezug zu Frankreich. Zu den dokumentierten Tätigkeitsfeldern gehören Schauspiel, Literatur, Regie und Gesang. Die verknüpften Münchner Programmdaten nennen Dominique Horwitz für solistische Mitwirkung bei „Isabelle Faust & Friends / Baselitz / Salzburger Marionettentheater“.;Wikidata + deutsche Wikipedia;https://de.wikipedia.org/wiki/Dominique_Horwitz;Wikidata + deutsche Wikipedia;1;0;biography_de per UUID aktualisieren;
5ad6bee5-3ba0-43a8-9205-3488a65857d5;Donald Runnicles;Donald Runnicles;Importbereit;Hoch;Donald Runnicles (* 1954) ist eine Persönlichkeit des Musiklebens mit Bezug zu Vereinigtes Königreich. Zu den dokumentierten Tätigkeitsfeldern gehören Dirigieren und Klavier. Die verknüpften Münchner Programmdaten nennen Donald Runnicles für Dirigat bei „Dresdner Philharmonie“.;Wikidata + deutsche Wikipedia;https://de.wikipedia.org/wiki/Donald_Runnicles;Wikidata + deutsche Wikipedia;1;0;biography_de per UUID aktualisieren;
8e5bf085-3c9f-4b27-a3dc-142e4b868a90;Edgar Varèse;Edgar Varèse;Importbereit;Hoch;Edgar Varèse (1883–1965) war eine Persönlichkeit des Musiklebens mit Bezug zu Frankreich. Zu den dokumentierten Tätigkeitsfeldern gehören Komposition, Musikwissenschaft und Dirigieren. Im erfassten Konzertrepertoire ist Edgar Varèse unter anderem mit „Octandre“ vertreten.;Wikidata + deutsche Wikipedia;https://de.wikipedia.org/wiki/Edgar_Var%C3%A8se;Wikidata + deutsche Wikipedia;0;1;biography_de per UUID aktualisieren;
34d133ae-540d-4af8-822d-c81abd681d5b;Edward Elgar;Edward Elgar;Importbereit;Hoch;Edward Elgar (1857–1934) war eine Persönlichkeit des Musiklebens mit Bezug zu Vereinigtes Königreich. Zu den dokumentierten Tätigkeitsfeldern gehören Komposition, Dirigieren und Orgel. Im erfassten Konzertrepertoire ist Edward Elgar unter anderem mit „Symphonie Nr. 2 Es-Dur, op. 63“, „Symphonie Nr. 2“ und „Violinkonzert h-Moll, op. 61“ vertreten.;Wikidata + deutsche Wikipedia;https://de.wikipedia.org/wiki/Edward_Elgar;Wikidata + deutsche Wikipedia;1;4;biography_de per UUID aktualisieren;
cad2a957-fb3c-40d5-b505-6c4c4e0e9592;Einojuhani Rautavaara;Einojuhani Rautavaara;Importbereit;Hoch;Einojuhani Rautavaara (1928–2016) war eine Persönlichkeit des Musiklebens mit Bezug zu Finnland. Zu den dokumentierten Tätigkeitsfeldern gehören Komposition und Musikwissenschaft.;Wikidata + deutsche Wikipedia;https://de.wikipedia.org/wiki/Einojuhani_Rautavaara;Wikidata + deutsche Wikipedia;0;0;biography_de per UUID aktualisieren;
ba2b3235-aeb6-4609-8f18-c26c936d0340;Eleanor Lyons;Eleanor Lyons;Importbereit;Hoch;Eleanor Lyons ist eine Persönlichkeit des Musiklebens mit Bezug zu Australien. Zu den dokumentierten Tätigkeitsfeldern gehören Gesang und Sopran. Die verknüpften Münchner Programmdaten nennen Eleanor Lyons für solistische Mitwirkung bei „Münchner Philharmoniker: Mendelssohn Bartholdy Schumann“.;Wikidata + deutsche Wikipedia;https://de.wikipedia.org/wiki/Eleanor_Lyons;Wikidata + deutsche Wikipedia;2;0;biography_de per UUID aktualisieren;
9e3d1770-ed66-4b1a-9612-44d68063d03d;Elke Heidenreich;Elke Heidenreich;Importbereit;Hoch;Elke Heidenreich (* 1943) ist eine Persönlichkeit des Kulturlebens mit Bezug zu Deutschland. Zu den dokumentierten Tätigkeitsfeldern gehören Moderation, Literatur, Schauspiel und Oboe.;Wikidata + deutsche Wikipedia;https://de.wikipedia.org/wiki/Elke_Heidenreich;Wikidata + deutsche Wikipedia;0;0;biography_de per UUID aktualisieren;
0d918039-316b-4941-8d76-c6b5be7d9ded;Emiko Yuasa;Emiko Yuasa;Importbereit;Mittel;Die verknüpften Münchner Programmdaten nennen Emiko Yuasa für solistische Mitwirkung bei „Kammerkonzert »Meister und Mäzen«: Werke von Erzherzog Rudolph von Österreich und Beethoven“ und „Solist*innen des BRSO : Kammerorchester: Werke von Wolfgang Amadeus Mozart“.;Verknüpfte Veranstaltungsseite;https://www.brso.de/konzerte/kammerkonzert-meister-und-maezen/;Projektquelle/Veranstaltung;2;0;biography_de per UUID aktualisieren;
dba427dc-d511-43c4-b6bb-476e52eb03da;Engelbert Humperdinck;Engelbert Humperdinck;Importbereit;Hoch;Engelbert Humperdinck (1854–1921) war ein deutscher Komponist der Spätromantik. Bekannt wurde er vor allem durch die Märchenoper „Hänsel und Gretel“, deren Verbindung von volksliednaher Melodik und reich ausgearbeiteter Orchesterbehandlung bis heute zum Opernrepertoire gehört. Humperdinck arbeitete zeitweise als Assistent Richard Wagners in Bayreuth und war später als Lehrer in Frankfurt und Berlin tätig. Neben Opern schrieb er Bühnenmusiken, Chorwerke, Lieder und Orchesterkompositionen.;Engelbert Humperdinck – Wikipedia;https://de.wikipedia.org/wiki/Engelbert_Humperdinck;Wikipedia;0;0;biography_de per UUID aktualisieren;Nicht mit dem gleichnamigen britischen Popsänger verwechseln.
11aecfdd-da2e-47c5-a69c-fe62ca2957d8;Enjott Schneider;Enjott Schneider;Importbereit;Hoch;Enjott Schneider (* 1950) ist eine Persönlichkeit des Kulturlebens mit Bezug zu Deutschland. Zu den dokumentierten Tätigkeitsfeldern gehören Komposition, Musikwissenschaft, Musikpädagogik, Schauspiel und Arrangement.;Wikidata + deutsche Wikipedia;https://de.wikipedia.org/wiki/Enjott_Schneider;Wikidata + deutsche Wikipedia;0;0;biography_de per UUID aktualisieren;
8c2a5d46-7f05-41ce-9458-0dfe9ab62d26;Ennio Morricone;Ennio Morricone;Importbereit;Hoch;Ennio Morricone (1928–2020) war eine Persönlichkeit des Musiklebens mit Bezug zu Italien. Zu den dokumentierten Tätigkeitsfeldern gehören Dirigieren, Klavier, Komposition, Arrangement und Trompete. Im erfassten Konzertrepertoire ist Ennio Morricone unter anderem mit „La Califfa“ und „Cinema Paradiso“ vertreten.;Wikidata + deutsche Wikipedia;https://de.wikipedia.org/wiki/Ennio_Morricone;Wikidata + deutsche Wikipedia;0;2;biography_de per UUID aktualisieren;
4b1eb37e-b27c-4175-a61e-e22d60196ef1;Éric Montalbetti;Éric Montalbetti;Importbereit;Hoch;Éric Montalbetti (* 1968) ist eine Persönlichkeit des Musiklebens mit Bezug zu Frankreich. Zu den dokumentierten Tätigkeitsfeldern gehören Komposition. Im erfassten Konzertrepertoire ist Éric Montalbetti unter anderem mit „„Nachtgebet“ für Violoncello und Orchester“ vertreten.;Wikidata;https://www.wikidata.org/wiki/Q33169132;Wikidata;1;1;biography_de per UUID aktualisieren;
00dffb10-be2b-4096-a219-df69e0882d0d;Erich Wolfgang Korngold;Erich Wolfgang Korngold;Importbereit;Hoch;Erich Wolfgang Korngold (1897–1957) war eine Persönlichkeit des Musiklebens mit Bezug zu Österreich. Zu den dokumentierten Tätigkeitsfeldern gehören Komposition, Klavier, Dirigieren und Arrangement. Die verknüpften Münchner Programmdaten nennen Erich Wolfgang Korngold für Komposition bei „Münchner Philharmoniker: Korngold Williams Prokofjew“.;Wikidata + deutsche Wikipedia;https://de.wikipedia.org/wiki/Erich_Wolfgang_Korngold;Wikidata + deutsche Wikipedia;2;0;biography_de per UUID aktualisieren;
fc206a3a-266c-4e9a-ad7c-575d2f1917b3;Ernst von Dohnanyi;Ernst von Dohnanyi;Importbereit;Hoch;Ernst von Dohnanyi (1877–1960) war eine Persönlichkeit des Musiklebens mit Bezug zu Ungarn. Zu den dokumentierten Tätigkeitsfeldern gehören Dirigieren, Komposition, Klavier, Musikwissenschaft und Musikpädagogik.;Wikidata + deutsche Wikipedia;https://de.wikipedia.org/wiki/Ernst_von_Dohn%C3%A1nyi;Wikidata + deutsche Wikipedia;0;0;biography_de per UUID aktualisieren;
6701432e-3c53-4775-8a80-d905fc1a037d;Fazıl Say;Fazıl Say;Importbereit;Hoch;Fazıl Say (* 1970) ist eine Persönlichkeit des Musiklebens mit Bezug zu Türkei. Zu den dokumentierten Tätigkeitsfeldern gehören Klavier und Komposition. Die verknüpften Münchner Programmdaten nennen Fazıl Say bei „Fazil Say, Aslihan And Say & Aykut Köselerli“.;Wikidata + deutsche Wikipedia;https://de.wikipedia.org/wiki/Faz%C4%B1l_Say;Wikidata + deutsche Wikipedia;1;0;biography_de per UUID aktualisieren;
29316e8d-c5db-4a27-8778-88a5d80b653c;Florian Christl;Florian Christl;Importbereit;Hoch;Florian Christl (* 1990) ist eine Persönlichkeit des Musiklebens mit Bezug zu Deutschland. Zu den dokumentierten Tätigkeitsfeldern gehören Komposition und Klavier. Die verknüpften Münchner Programmdaten nennen Florian Christl bei „Florian Christl“.;Wikidata + deutsche Wikipedia;https://de.wikipedia.org/wiki/Florian_Christl;Wikidata + deutsche Wikipedia;1;0;biography_de per UUID aktualisieren;
eeb7553a-1d7d-4af5-a4b3-8eefda6233a7;Francis Poulenc;Francis Poulenc;Importbereit;Hoch;Francis Poulenc (1899–1963) war eine Persönlichkeit des Musiklebens mit Bezug zu Frankreich. Zu den dokumentierten Tätigkeitsfeldern gehören Komposition und Klavier. Im erfassten Konzertrepertoire ist Francis Poulenc unter anderem mit „Konzert für Orgel, Streicher und Pauke“ und „Sextett für Klavier und Bläser“ vertreten.;Wikidata + deutsche Wikipedia;https://de.wikipedia.org/wiki/Francis_Poulenc;Wikidata + deutsche Wikipedia;0;2;biography_de per UUID aktualisieren;
c8c214e3-7783-4c24-8d95-1b8cb6380381;Frank Martin;Frank Martin;Importbereit;Hoch;Frank Martin (1890–1974) war ein Schweizer Komponist. In seiner Musik verband er eine an Johann Sebastian Bach und der französischen Tradition geschulte Klangsprache mit Elementen der Zwölftontechnik, ohne die Tonalität vollständig aufzugeben. Zu seinen wichtigen Werken gehören die „Petite Symphonie concertante“, das Oratorium „Golgotha“, die „Messe für zwei vierstimmige Chöre“ und die Oper „Der Sturm“. Martin wirkte außerdem als Pianist und lehrte Komposition an der Musikhochschule Köln.;Frank Martin – Wikipedia;https://de.wikipedia.org/wiki/Frank_Martin_(Komponist);Wikipedia;0;0;"biography_de aktualisieren; falsche Website ersetzen";Die hinterlegte Kabarett-Website gehört zu Martin Frank und nicht zum Schweizer Komponisten Frank Martin.
04257036-b8fe-48c2-986c-0d64d3307667;Franz Anton Hoffmeister;Franz Anton Hoffmeister;Importbereit;Hoch;Franz Anton Hoffmeister (1754–1812) war eine Persönlichkeit des Musiklebens mit Bezug zu Deutschland. Zu den dokumentierten Tätigkeitsfeldern gehören Komposition. Die verknüpften Münchner Programmdaten nennen Franz Anton Hoffmeister für Komposition bei „Festliche Advents-Matinée“ und „Jubiläumskonzert: 75 Jahre ARD-Musikwettbewerb“.;Wikidata + deutsche Wikipedia;https://de.wikipedia.org/wiki/Franz_Anton_Hoffmeister;Wikidata + deutsche Wikipedia;2;0;biography_de per UUID aktualisieren;
5fec9856-8672-4402-8e46-adfa635d59e9;Franz Liszt;Franz Liszt;Importbereit;Hoch;Franz Liszt (1811–1886) war eine Persönlichkeit des Kulturlebens mit Bezug zu Königreich Ungarn. Zu den dokumentierten Tätigkeitsfeldern gehören Komposition, Klavier, Dirigieren, Musikpädagogik und Literatur. Als Instrument beziehungsweise stimmlicher Schwerpunkt sind Klavier und Orgel verzeichnet. Im erfassten Konzertrepertoire ist Franz Liszt unter anderem mit „Années de Pèlerinage (Deuxième Année Italie)“ vertreten.;Wikidata + deutsche Wikipedia;https://de.wikipedia.org/wiki/Franz_Liszt;Wikidata + deutsche Wikipedia;0;1;biography_de per UUID aktualisieren;
7cacd42f-74ca-49d4-b568-3005f9a51acd;Franz Schreker;Franz Schreker;Importbereit;Hoch;Franz Schreker (1878–1934) war eine Persönlichkeit des Kulturlebens mit Bezug zu Österreich. Zu den dokumentierten Tätigkeitsfeldern gehören Komposition, Musikpädagogik, Literatur, Dirigieren und Arrangement. Im erfassten Konzertrepertoire ist Franz Schreker unter anderem mit „Nachtstück (Night Piece), Symphonic Interlude from the Opera Der ferne Klang“ vertreten.;Wikidata + deutsche Wikipedia;https://de.wikipedia.org/wiki/Franz_Schreker;Wikidata + deutsche Wikipedia;2;1;biography_de per UUID aktualisieren;
b8e90650-96c8-41dc-b769-6a8995bbb804;Franz-Josef Selig;Franz-Josef Selig;Importbereit;Hoch;Franz-Josef Selig (* 1962) ist eine Persönlichkeit des Musiklebens mit Bezug zu Deutschland. Zu den dokumentierten Tätigkeitsfeldern gehören Gesang und Bassgesang. Als Instrument beziehungsweise stimmlicher Schwerpunkt ist Singstimme verzeichnet. Die verknüpften Münchner Programmdaten nennen Franz-Josef Selig für solistische Mitwirkung bei „Münchner Philharmoniker: Beethoven Mozart“.;Wikidata + deutsche Wikipedia;https://de.wikipedia.org/wiki/Franz-Josef_Selig;Wikidata + deutsche Wikipedia;1;0;biography_de per UUID aktualisieren;
b48bff75-94a1-482e-b6da-0bd37160f97e;Frédéric Chopin;Frédéric Chopin;Importbereit;Hoch;Frédéric Chopin (1810–1849) war eine Persönlichkeit des Musiklebens mit Bezug zu Frankreich. Zu den dokumentierten Tätigkeitsfeldern gehören Komposition, Klavier und Musikpädagogik. Die verknüpften Münchner Programmdaten nennen Frédéric Chopin für Komposition bei „Münchner Philharmoniker: Dvořák Chopin Beach“ und „Münchner Philharmoniker: 4th Youth Concert“.;Wikidata + deutsche Wikipedia;https://de.wikipedia.org/wiki/Fr%C3%A9d%C3%A9ric_Chopin;Wikidata + deutsche Wikipedia;3;0;biography_de per UUID aktualisieren;
0be0e4a2-b6d6-483e-9fa3-2673e8492557;Friedrich Cerha;Friedrich Cerha;Importbereit;Hoch;Friedrich Cerha (1926–2023) war eine Persönlichkeit des Musiklebens mit Bezug zu Österreich. Zu den dokumentierten Tätigkeitsfeldern gehören Dirigieren, Komposition, Musikpädagogik und Violine. Im erfassten Konzertrepertoire ist Friedrich Cerha unter anderem mit „Konzert für Schlagzeug und Orchester“ vertreten.;Wikidata + deutsche Wikipedia;https://de.wikipedia.org/wiki/Friedrich_Cerha;Wikidata + deutsche Wikipedia;0;1;biography_de per UUID aktualisieren;
22d24f4c-4e77-4767-863f-7f107d1fbb21;Friedrich von Flotow;Friedrich von Flotow;Importbereit;Hoch;Friedrich von Flotow (1812–1883) war eine Persönlichkeit des Kulturlebens mit Bezug zu Großherzogtum Mecklenburg-Schwerin. Zu den dokumentierten Tätigkeitsfeldern gehören Komposition und Tanz und Choreografie. Im erfassten Konzertrepertoire ist Friedrich von Flotow unter anderem mit „Ouvertüre zu „Alessandro Stradella““ vertreten.;Wikidata + deutsche Wikipedia;https://de.wikipedia.org/wiki/Friedrich_von_Flotow;Wikidata + deutsche Wikipedia;0;1;biography_de per UUID aktualisieren;
c501b577-e201-4120-845b-610eccd52348;Friedrich von Thun;Friedrich von Thun;Importbereit;Hoch;Friedrich von Thun (* 1942) ist eine Persönlichkeit des Kulturlebens mit Bezug zu Österreich. Zu den dokumentierten Tätigkeitsfeldern gehören Schauspiel und Regie. Die verknüpften Münchner Programmdaten nennen Friedrich von Thun bei „Senta Berger & Friedrich von Thun: Loriot – Szenen einer Ehe“.;Wikidata + deutsche Wikipedia;https://de.wikipedia.org/wiki/Friedrich_von_Thun;Wikidata + deutsche Wikipedia;1;0;biography_de per UUID aktualisieren;
563e3759-65f8-4077-888e-a6c7ab111ab9;Fuad Ibrahimov;Fuad Ibrahimov;Importbereit;Hoch;Fuad Ibrahimov (* 1982) ist eine Persönlichkeit des Musiklebens mit Bezug zu Aserbaidschan. Zu den dokumentierten Tätigkeitsfeldern gehören Dirigieren. Die verknüpften Münchner Programmdaten nennen Fuad Ibrahimov für Dirigat bei „Fuad Ibrahimov dirigiert die Neue Philharmonie München“.;Wikidata + deutsche Wikipedia;https://de.wikipedia.org/wiki/Fuad_Ibrahimov;Wikidata + deutsche Wikipedia;1;0;biography_de per UUID aktualisieren;
4d3907b5-a726-4470-a20a-9e52011f3675;Gabriel Fauré;Gabriel Fauré;Importbereit;Hoch;Gabriel Fauré (1845–1924) war eine Persönlichkeit des Musiklebens mit Bezug zu Frankreich. Zu den dokumentierten Tätigkeitsfeldern gehören Komposition, Orgel, Musikwissenschaft, Musikpädagogik und Klavier.;Wikidata + deutsche Wikipedia;https://de.wikipedia.org/wiki/Gabriel_Faur%C3%A9;Wikidata + deutsche Wikipedia;0;0;biography_de per UUID aktualisieren;
b063ee4f-86ca-47b8-b5ef-6ae978af5858;Gaspare Spontini;Gaspare Spontini;Importbereit;Hoch;Gaspare Spontini (1774–1851) war eine Persönlichkeit des Musiklebens mit Bezug zu Kirchenstaat. Zu den dokumentierten Tätigkeitsfeldern gehören Komposition, Dirigieren und Violine.;Wikidata + deutsche Wikipedia;https://de.wikipedia.org/wiki/Gaspare_Spontini;Wikidata + deutsche Wikipedia;0;0;biography_de per UUID aktualisieren;
be57a75a-b0d4-4806-8236-7a8c4859cc01;Georg Baselitz;Georg Baselitz;Importbereit;Mittel bis hoch;Georg Baselitz (1938–2026) war eine Persönlichkeit des Kulturlebens mit Bezug zu Deutschland. Zu den dokumentierten Tätigkeitsfeldern gehören Bildende Kunst. Die verknüpften Münchner Programmdaten nennen Georg Baselitz bei „Isabelle Faust & Friends / Baselitz / Salzburger Marionettentheater“.;MusicBrainz: Georg Baselitz;https://musicbrainz.org/artist/2079a17f-f3cc-4b5e-b4ee-6f11e813daf5;MusicBrainz;1;0;biography_de per UUID aktualisieren;
3ada1171-e59a-4b4c-9461-8536568ada86;Georg Friedrich Händel;Georg Friedrich Händel;Importbereit;Hoch;Georg Friedrich Händel (1685–1759) war eine Persönlichkeit des Musiklebens mit Bezug zu Brandenburg-Preußen. Zu den dokumentierten Tätigkeitsfeldern gehören Komposition, Cembalo, Orgel, Violine und Oboe. Im erfassten Konzertrepertoire ist Georg Friedrich Händel unter anderem mit „Alcina“ und „Semele“ vertreten.;Wikidata + deutsche Wikipedia;https://de.wikipedia.org/wiki/Georg_Friedrich_H%C3%A4ndel;Wikidata + deutsche Wikipedia;4;3;biography_de per UUID aktualisieren;
08093adf-8bd7-4091-82f2-3be780e0378c;Gioacchino Rossini;Gioacchino Rossini;Importbereit;Hoch;Gioacchino Rossini (1792–1868) war eine Persönlichkeit des Musiklebens mit Bezug zu Königreich Italien. Zu den dokumentierten Tätigkeitsfeldern gehören Komposition und Violoncello. Im erfassten Konzertrepertoire ist Gioacchino Rossini unter anderem mit „Petite Messe solennelle“, „Wilhelm Tell (Ouvertüre)“ und „La cenerentola“ vertreten.;Wikidata + deutsche Wikipedia;https://de.wikipedia.org/wiki/Gioachino_Rossini;Wikidata + deutsche Wikipedia;0;3;biography_de per UUID aktualisieren;
9328a376-07b4-4869-aa59-4a01438cffa4;Giorgi Gigashvili;Giorgi Gigashvili;Importbereit;Hoch;Giorgi Gigashvili (* 2000) ist eine Persönlichkeit des Musiklebens mit Bezug zu Schweiz. Zu den dokumentierten Tätigkeitsfeldern gehören Klavier und Komposition. Die verknüpften Münchner Programmdaten nennen Giorgi Gigashvili für solistische Mitwirkung bei „Giorgi Gigashvili & das Münchener Kammerorchester“.;Wikidata + deutsche Wikipedia;https://de.wikipedia.org/wiki/Giorgi_Gigaschwili;Wikidata + deutsche Wikipedia;1;0;biography_de per UUID aktualisieren;
255fdab7-a3e4-4934-8dce-11b2b1cdcb40;Giuseppe Verdi;Giuseppe Verdi;Importbereit;Hoch;Giuseppe Verdi (1813–1901) war eine Persönlichkeit des Kulturlebens mit Bezug zu Herzogtum Parma. Zu den dokumentierten Tätigkeitsfeldern gehören Komposition, Dirigieren, Literatur und Klavier. Im erfassten Konzertrepertoire ist Giuseppe Verdi unter anderem mit „Rigoletto“ vertreten.;Wikidata + deutsche Wikipedia;https://de.wikipedia.org/wiki/Giuseppe_Verdi;Wikidata + deutsche Wikipedia;0;1;biography_de per UUID aktualisieren;
f8b02ca7-bf1c-48ab-9236-b840a863b579;Glen Wilson;Glen Wilson;Importbereit;Hoch;Glen Wilson (* 1952) ist eine Persönlichkeit des Musiklebens mit Bezug zu Vereinigte Staaten. Zu den dokumentierten Tätigkeitsfeldern gehören Dirigieren, Cembalo, Klavier, Orgel und Harfe.;Wikidata + englische Wikipedia;https://en.wikipedia.org/wiki/Glen_Wilson_(harpsichordist);Wikidata + englische Wikipedia;0;0;biography_de per UUID aktualisieren;"MusicBrainz enthält 2 gleichnamige Personeneinträge; Zuordnung vor Import prüfen."
2a898779-760b-4af6-9e0a-d3a6f860ed76;Golfam Khayam;Golfam Khayam;Importbereit;Hoch;Golfam Khayam (* 1982) ist eine Persönlichkeit des Musiklebens mit Bezug zu Iran. Zu den dokumentierten Tätigkeitsfeldern gehören Komposition. Im erfassten Konzertrepertoire ist Golfam Khayam unter anderem mit „I am not a tale to be told“ vertreten.;Wikidata;https://www.wikidata.org/wiki/Q5949370;Wikidata;2;1;biography_de per UUID aktualisieren;
2674f916-77c7-4f78-a36a-9898df9f179f;Gottfried von der Goltz;Gottfried von der Goltz;Importbereit;Hoch;Gottfried von der Goltz (* 1964) ist eine Persönlichkeit des Musiklebens mit Bezug zu Deutschland. Zu den dokumentierten Tätigkeitsfeldern gehören Dirigieren und Violine.;Wikidata + deutsche Wikipedia;https://de.wikipedia.org/wiki/Gottfried_von_der_Goltz;Wikidata + deutsche Wikipedia;0;0;biography_de per UUID aktualisieren;
ca8cac78-543b-473d-aca2-51ea9f4d146c;Guy Barker;Guy Barker;Importbereit;Hoch;Guy Barker (* 1957) ist eine Persönlichkeit des Musiklebens mit Bezug zu Vereinigtes Königreich. Zu den dokumentierten Tätigkeitsfeldern gehören Komposition, Jazz und Trompete. Die verknüpften Münchner Programmdaten nennen Guy Barker für Komposition bei „Kisoboka – Everything Is Possible“.;Wikidata + deutsche Wikipedia;https://de.wikipedia.org/wiki/Guy_Barker;Wikidata + deutsche Wikipedia;1;0;biography_de per UUID aktualisieren;
58d9c051-34b5-43d4-89d2-4e70f413e05c;György Kurtág;György Kurtág;Importbereit;Hoch;György Kurtág (* 1926) ist eine Persönlichkeit des Musiklebens mit Bezug zu Ungarn. Zu den dokumentierten Tätigkeitsfeldern gehören Komposition, Klavier und Musikpädagogik.;Wikidata + deutsche Wikipedia;https://de.wikipedia.org/wiki/Gy%C3%B6rgy_Kurt%C3%A1g;Wikidata + deutsche Wikipedia;0;0;biography_de per UUID aktualisieren;
0bec52ab-2aef-4bbc-9017-6fd268d84128;Hannah Kendall;Hannah Kendall;Importbereit;Hoch;"Hannah Kendall (* 1984) ist eine Persönlichkeit des Musiklebens mit Bezug zu Vereinigtes Königreich. Zu den dokumentierten Tätigkeitsfeldern gehören Komposition. Im erfassten Konzertrepertoire ist Hannah Kendall unter anderem mit „»the need / to be shattered & rebuilt« für Orchester“ und „»the need / to be shattered &#038; rebuilt« für Orchester“ vertreten.";Wikidata + deutsche Wikipedia;https://de.wikipedia.org/wiki/Hannah_Kendall;Wikidata + deutsche Wikipedia;0;2;biography_de per UUID aktualisieren;
179ed955-3e98-46a2-91a9-49fb6b093c72;Hans Rott;Hans Rott;Importbereit;Hoch;Hans Rott (1858–1884) war eine Persönlichkeit des Musiklebens mit Bezug zu Kaisertum Österreich. Zu den dokumentierten Tätigkeitsfeldern gehören Komposition und Orgel. Im erfassten Konzertrepertoire ist Hans Rott unter anderem mit „Orchestervorspiel E-Dur“ vertreten.;Wikidata + deutsche Wikipedia;https://de.wikipedia.org/wiki/Hans_Rott_(Musiker);Wikidata + deutsche Wikipedia;0;1;biography_de per UUID aktualisieren;
c4476d80-3350-4597-a13b-3ee30aa8d08d;Harald Lesch;Harald Lesch;Importbereit;Hoch;Harald Lesch (* 1960) ist eine Persönlichkeit des Kulturlebens mit Bezug zu Deutschland. Zu den dokumentierten Tätigkeitsfeldern gehören Moderation und Literatur. Die verknüpften Münchner Programmdaten nennen Harald Lesch für Moderation bei „Quadro Nuevo & Prof. Harald Lesch: Sonne, Mond und Sterne“.;Wikidata + deutsche Wikipedia;https://de.wikipedia.org/wiki/Harald_Lesch;Wikidata + deutsche Wikipedia;1;0;biography_de per UUID aktualisieren;
22c1d8e1-a499-437f-91cd-deecf62539e7;Harrison Birtwistle;Harrison Birtwistle;Importbereit;Hoch;Harrison Birtwistle (1934–2022) war eine Persönlichkeit des Musiklebens mit Bezug zu Vereinigtes Königreich. Zu den dokumentierten Tätigkeitsfeldern gehören Komposition und Musikpädagogik. Im erfassten Konzertrepertoire ist Harrison Birtwistle unter anderem mit „Dinah and Nick’s Love Song“ vertreten.;Wikidata + deutsche Wikipedia;https://de.wikipedia.org/wiki/Harrison_Birtwistle;Wikidata + deutsche Wikipedia;0;1;biography_de per UUID aktualisieren;
b0bac5a3-95fa-4a55-9e72-370b90384507;Hayato Sumino;Hayato Sumino;Importbereit;Hoch;Hayato Sumino (* 1995) ist eine Persönlichkeit des Musiklebens mit Bezug zu Japan. Zu den dokumentierten Tätigkeitsfeldern gehören Klavier und Komposition. Die verknüpften Münchner Programmdaten nennen Hayato Sumino bei „Hayato Sumino“.;Wikidata + deutsche Wikipedia;https://de.wikipedia.org/wiki/Hayato_Sumino;Wikidata + deutsche Wikipedia;1;0;biography_de per UUID aktualisieren;
e690459a-8099-4f40-88f8-7d1c8ea56c27;Heitor Villa-Lobos;Heitor Villa-Lobos;Importbereit;Hoch;Heitor Villa-Lobos (1887–1959) war eine Persönlichkeit des Kulturlebens mit Bezug zu Brasilien. Zu den dokumentierten Tätigkeitsfeldern gehören Komposition, Tanz und Choreografie, Dirigieren, Musikwissenschaft und Gitarre.;Wikidata + deutsche Wikipedia;https://de.wikipedia.org/wiki/Heitor_Villa-Lobos;Wikidata + deutsche Wikipedia;0;0;biography_de per UUID aktualisieren;
69601717-2832-4acb-95c7-d920662403ac;Igor Strawinsky;Igor Strawinsky;Importbereit;Hoch;Igor Strawinsky (1882–1971) war eine Persönlichkeit des Musiklebens mit Bezug zu Frankreich. Zu den dokumentierten Tätigkeitsfeldern gehören Komposition, Dirigieren und Klavier. Im erfassten Konzertrepertoire ist Igor Strawinsky unter anderem mit „Suite Nr. 1 für kleines Orchester“, „Divertimento zum Ballett »Le baiser de la fée«“ und „Chant funèbre“ vertreten.;Wikidata + deutsche Wikipedia;https://de.wikipedia.org/wiki/Igor_Strawinsky;Wikidata + deutsche Wikipedia;4;9;biography_de per UUID aktualisieren;
d92bc231-245f-4519-b98b-d99da6e961ab;Isabelle Faust;Isabelle Faust;Importbereit;Hoch;Isabelle Faust (* 1972) ist eine Persönlichkeit des Musiklebens mit Bezug zu Deutschland. Zu den dokumentierten Tätigkeitsfeldern gehören Violine. Die verknüpften Münchner Programmdaten nennen Isabelle Faust für solistische Mitwirkung bei „Isabelle Faust & Friends / Baselitz / Salzburger Marionettentheater“ und „Sir Simon Rattle & Isabelle Faust: Werke von Dvořák, Berg und Schubert“.;Wikidata + deutsche Wikipedia;https://de.wikipedia.org/wiki/Isabelle_Faust;Wikidata + deutsche Wikipedia;3;0;biography_de per UUID aktualisieren;
49bd3f9d-3bb2-485e-a31e-29c3ef37532d;Iván Fischer;Iván Fischer;Importbereit;Hoch;Iván Fischer (* 1951) ist eine Persönlichkeit des Musiklebens mit Bezug zu Ungarn. Zu den dokumentierten Tätigkeitsfeldern gehören Dirigieren und Komposition. Die verknüpften Münchner Programmdaten nennen Iván Fischer für Dirigat bei „Budapest Festival Orchestra“.;Wikidata + deutsche Wikipedia;https://de.wikipedia.org/wiki/Iv%C3%A1n_Fischer;Wikidata + deutsche Wikipedia;1;0;biography_de per UUID aktualisieren;
cc0ebe7e-2c55-4616-88cf-f2a8d2f9956b;Jakub Hrůša;Jakub Hrůša;Importbereit;Hoch;Jakub Hrůša (* 1981) ist eine Persönlichkeit des Musiklebens mit Bezug zu Tschechien. Zu den dokumentierten Tätigkeitsfeldern gehören Dirigieren und Klavier. Die verknüpften Münchner Programmdaten nennen Jakub Hrůša für Dirigat bei „Bamberger Symphoniker, Jakub Hrůša & Kirill Gerstein: Beethoven Klavierkonzert Nr. 5 und 2. Symphonie“ und „Jakub Hrůša & Nikolaj Znaider: Elgar Violinkonzert und Walton Symphonie Nr. 1“.;Wikidata + deutsche Wikipedia;https://de.wikipedia.org/wiki/Jakub_Hr%C5%AF%C5%A1a;Wikidata + deutsche Wikipedia;3;0;biography_de per UUID aktualisieren;
a55af7f7-2a1a-45f6-b56f-4ef1b2e0c9d9;Jakub Józef Orliński;Jakub Józef Orliński;Importbereit;Hoch;Jakub Józef Orliński (* 1990) ist eine Persönlichkeit des Kulturlebens mit Bezug zu Polen. Zu den dokumentierten Tätigkeitsfeldern gehören Gesang, Tanz und Choreografie und Tenor. Als Instrument beziehungsweise stimmlicher Schwerpunkt ist Singstimme verzeichnet.;Wikidata + deutsche Wikipedia;https://de.wikipedia.org/wiki/Jakub_J%C3%B3zef_Orli%C5%84ski;Wikidata + deutsche Wikipedia;0;0;biography_de per UUID aktualisieren;
b527fe8b-8911-4690-83ca-a73d0df639f7;Jan Caeyers;Jan Caeyers;Importbereit;Hoch;Jan Caeyers (* 1953) ist eine Persönlichkeit des Musiklebens mit Bezug zu Belgien. Zu den dokumentierten Tätigkeitsfeldern gehören Dirigieren, Musikwissenschaft und Musikpädagogik. Die verknüpften Münchner Programmdaten nennen Jan Caeyers für Dirigat bei „Kit Armstrong, Klavier & Le Concert Olympique“.;Wikidata + deutsche Wikipedia;https://de.wikipedia.org/wiki/Jan_Caeyers;Wikidata + deutsche Wikipedia;1;0;biography_de per UUID aktualisieren;
c3741643-c27e-4164-87e3-757aa527f7ce;Janine Jansen;Janine Jansen;Importbereit;Hoch;Janine Jansen (* 1978) ist eine Persönlichkeit des Musiklebens mit Bezug zu Königreich der Niederlande. Zu den dokumentierten Tätigkeitsfeldern gehören Violine und Viola.;Wikidata + deutsche Wikipedia;https://de.wikipedia.org/wiki/Janine_Jansen;Wikidata + deutsche Wikipedia;0;0;biography_de per UUID aktualisieren;
3eb7bf8d-0155-4792-97ff-ea9e9eb0b214;Jean Sibelius;Jean Sibelius;Importbereit;Hoch;Jean Sibelius (1865–1957) war eine Persönlichkeit des Musiklebens mit Bezug zu Finnland. Zu den dokumentierten Tätigkeitsfeldern gehören Komposition, Dirigieren, Musikwissenschaft, Violine und Klavier. Im erfassten Konzertrepertoire ist Jean Sibelius unter anderem mit „Cassazione op. 6“, „Pelléas and Mélisande op. 46“ und „Suite from 'Belsazars gästabud'“ vertreten.;Wikidata + deutsche Wikipedia;https://de.wikipedia.org/wiki/Jean_Sibelius;Wikidata + deutsche Wikipedia;3;3;biography_de per UUID aktualisieren;
a37ab0ab-79f6-460d-bedd-8bfe6b4b5c21;Jean-Philippe Rameau;Jean-Philippe Rameau;Importbereit;Hoch;Jean-Philippe Rameau (1683–1764) war eine Persönlichkeit des Kulturlebens mit Bezug zu Königreich Frankreich. Zu den dokumentierten Tätigkeitsfeldern gehören Komposition, Tanz und Choreografie, Musikwissenschaft, Orgel und Cembalo. Als Instrument beziehungsweise stimmlicher Schwerpunkt ist Violine verzeichnet. Im erfassten Konzertrepertoire ist Jean-Philippe Rameau unter anderem mit „Cinquième concert des Pièces de clavecin“ und „Suite aus 'Dardanus'“ vertreten.;Wikidata + deutsche Wikipedia;https://de.wikipedia.org/wiki/Jean-Philippe_Rameau;Wikidata + deutsche Wikipedia;1;2;biography_de per UUID aktualisieren;
21fea053-d505-4625-a493-cf54467559fb;Jesús Villa Ordóñez;Jesús Villa Ordóñez;Importbereit;Mittel;Die verknüpften Münchner Programmdaten nennen Jesús Villa Ordóñez für solistische Mitwirkung bei „Kammerkonzert »Vortreffliche Harmonie-Musik«: Werke von Beethoven und Mozart“ und „Solist*innen des BRSO : Kammerorchester: Werke von Wolfgang Amadeus Mozart“.;Verknüpfte Veranstaltungsseite;https://www.brso.de/konzerte/kammerkonzert-vortreffliche-harmonie-musik/;Projektquelle/Veranstaltung;3;0;biography_de per UUID aktualisieren;
efb5b2d2-8fb4-4e68-a667-518ee774badf;Jimin Park;Jimin Park;Importbereit;Hoch;Jimin Park (* 1997) ist eine Persönlichkeit des Musiklebens mit Bezug zu Südkorea. Zu den dokumentierten Tätigkeitsfeldern gehören Gesang und Komposition. Als Instrument beziehungsweise stimmlicher Schwerpunkt ist Singstimme verzeichnet. Die verknüpften Münchner Programmdaten nennen Jimin Park bei „Martin Schmitt mit Lucy van Kuhl, Jo Carpenter & Jimin Park“.;Wikidata + englische Wikipedia;https://en.wikipedia.org/wiki/Jamie_(singer);Wikidata + englische Wikipedia;1;0;biography_de per UUID aktualisieren;
28d13452-91b4-4383-ac32-68a45b4b1546;Johanna Wallroth;Johanna Wallroth;Importbereit;Hoch;Johanna Wallroth (* 1993) ist eine Persönlichkeit des Musiklebens mit Bezug zu Schweden. Zu den dokumentierten Tätigkeitsfeldern gehören Gesang und Sopran. Die verknüpften Münchner Programmdaten nennen Johanna Wallroth für solistische Mitwirkung bei „Bach: Weihnachtsoratorium“.;Wikidata + englische Wikipedia;https://en.wikipedia.org/wiki/Johanna_Wallroth;Wikidata + englische Wikipedia;1;0;biography_de per UUID aktualisieren;
af33a967-a0c1-47ad-851c-3eff340e9a6c;Johannes Kammler;Johannes Kammler;Importbereit;Hoch;Johannes Kammler (* 1988) ist eine Persönlichkeit des Musiklebens mit Bezug zu Deutschland. Zu den dokumentierten Tätigkeitsfeldern gehören Gesang, Bariton und Bassgesang. Als Instrument beziehungsweise stimmlicher Schwerpunkt ist Singstimme verzeichnet.;Wikidata + deutsche Wikipedia;https://de.wikipedia.org/wiki/Johannes_Kammler;Wikidata + deutsche Wikipedia;0;0;biography_de per UUID aktualisieren;
3146a00a-c118-4734-bcee-9d300c081e81;John Adams;John Adams;Importbereit;Hoch;John Adams (* 1947) ist eine Persönlichkeit des Musiklebens mit Bezug zu Vereinigte Staaten. Zu den dokumentierten Tätigkeitsfeldern gehören Dirigieren, Komposition, Arrangement und Klarinette. Im erfassten Konzertrepertoire ist John Adams unter anderem mit „Shaker Loops“, „Doctor Atomic Symphony“ und „After the Fall f“ vertreten.;Wikidata + deutsche Wikipedia;https://de.wikipedia.org/wiki/John_Adams_(Komponist);Wikidata + deutsche Wikipedia;0;3;biography_de per UUID aktualisieren;"MusicBrainz enthält 5 gleichnamige Personeneinträge; Zuordnung vor Import prüfen."
4fcbab24-87de-4033-9880-80c3d464e02a;John Brancy;John Brancy;Importbereit;Hoch;John Brancy (* 1988) ist eine Persönlichkeit des Musiklebens mit Bezug zu Vereinigte Staaten. Zu den dokumentierten Tätigkeitsfeldern gehören Gesang und Bariton. Als Instrument beziehungsweise stimmlicher Schwerpunkt ist Singstimme verzeichnet.;Wikidata + englische Wikipedia;https://en.wikipedia.org/wiki/John_Brancy;Wikidata + englische Wikipedia;0;0;biography_de per UUID aktualisieren;
285b73fd-afc1-436f-a694-84b333ff8a13;John Neumeier;John Neumeier;Importbereit;Hoch;John Neumeier (* 1939) ist eine Persönlichkeit des Kulturlebens mit Bezug zu Vereinigte Staaten. Zu den dokumentierten Tätigkeitsfeldern gehören Tanz und Choreografie und Regie.;Wikidata + deutsche Wikipedia;https://de.wikipedia.org/wiki/John_Neumeier;Wikidata + deutsche Wikipedia;0;0;biography_de per UUID aktualisieren;
a1882a0c-1ab3-4b02-924d-cf637f291a01;John Scofield;John Scofield;Importbereit;Hoch;John Scofield (* 1951) ist eine Persönlichkeit des Kulturlebens mit Bezug zu Vereinigte Staaten. Zu den dokumentierten Tätigkeitsfeldern gehören Gitarre, Komposition, Jazz und Bildende Kunst. Die verknüpften Münchner Programmdaten nennen John Scofield bei „John Scofield & Combo 75“.;Wikidata + deutsche Wikipedia;https://de.wikipedia.org/wiki/John_Scofield;Wikidata + deutsche Wikipedia;1;0;biography_de per UUID aktualisieren;
2802e305-ae01-4c45-b1c8-8863466d61a8;John Williams;John Williams;Importbereit;Hoch;John Williams (* 1932) ist eine Persönlichkeit des Musiklebens mit Bezug zu Vereinigte Staaten. Zu den dokumentierten Tätigkeitsfeldern gehören Dirigieren, Komposition, Arrangement, Klavier und Cembalo. Als Instrument beziehungsweise stimmlicher Schwerpunkt sind Klavier, Cembalo und Bassklarinette verzeichnet. Im erfassten Konzertrepertoire ist John Williams unter anderem mit „March of the Resistance“ vertreten.;Wikidata + deutsche Wikipedia;https://de.wikipedia.org/wiki/John_Williams_(Komponist);Wikidata + deutsche Wikipedia;3;1;biography_de per UUID aktualisieren;"MusicBrainz enthält 5 gleichnamige Personeneinträge; Zuordnung vor Import prüfen."
282432ca-cf4d-4df8-9699-1c5f5ae7a372;Johnny Mercer;Johnny Mercer;Importbereit;Hoch;Johnny Mercer (1909–1976) war eine Persönlichkeit des Kulturlebens mit Bezug zu Vereinigte Staaten. Zu den dokumentierten Tätigkeitsfeldern gehören Gesang, Komposition, Bildende Kunst, Literatur und Klavier. Als Instrument beziehungsweise stimmlicher Schwerpunkt sind Klavier und Singstimme verzeichnet. Im erfassten Konzertrepertoire ist Johnny Mercer unter anderem mit „„Autumn Leaves““ vertreten.;Wikidata + deutsche Wikipedia;https://de.wikipedia.org/wiki/Johnny_Mercer;Wikidata + deutsche Wikipedia;1;1;biography_de per UUID aktualisieren;
d29f4911-cde7-43fa-958b-40de67e7384c;Jón Leifs;Jón Leifs;Importbereit;Hoch;Jón Leifs (1899–1968) war eine Persönlichkeit des Kulturlebens mit Bezug zu Island. Zu den dokumentierten Tätigkeitsfeldern gehören Dirigieren, Komposition, Klavier und Literatur.;Wikidata + deutsche Wikipedia;https://de.wikipedia.org/wiki/J%C3%B3n_Leifs;Wikidata + deutsche Wikipedia;0;0;biography_de per UUID aktualisieren;
d59415af-7dae-4eec-81c0-d4d87fabba96;Jörg Widmann;Jörg Widmann;Importbereit;Hoch;Jörg Widmann (* 1973) ist eine Persönlichkeit des Musiklebens mit Bezug zu Deutschland. Zu den dokumentierten Tätigkeitsfeldern gehören Komposition, Klarinette und Dirigieren. Die verknüpften Münchner Programmdaten nennen Jörg Widmann bei „Immler, Widmann und das Münchener Kammerorchester“.;Wikidata + deutsche Wikipedia;https://de.wikipedia.org/wiki/J%C3%B6rg_Widmann;Wikidata + deutsche Wikipedia;1;0;biography_de per UUID aktualisieren;
f71c724a-2c4c-4e41-9df2-787253bae617;Josef Strauß;Josef Strauß;Importbereit;Hoch;Josef Strauß (1827–1870) war eine Persönlichkeit des Musiklebens mit Bezug zu Kaisertum Österreich. Zu den dokumentierten Tätigkeitsfeldern gehören Komposition, Dirigieren und Violine. Im erfassten Konzertrepertoire ist Josef Strauß unter anderem mit „Delirien-Walzer op. 212“ vertreten.;Wikidata + deutsche Wikipedia;https://de.wikipedia.org/wiki/Josef_Strauss;Wikidata + deutsche Wikipedia;0;1;biography_de per UUID aktualisieren;
97f2b192-f0d3-45e9-83c7-9892e20d7ab7;Josef Suk;Josef Suk;Importbereit;Hoch;Josef Suk (1929–2011) war eine Persönlichkeit des Musiklebens mit Bezug zu Tschechien. Zu den dokumentierten Tätigkeitsfeldern gehören Dirigieren, Musikpädagogik, Komposition, Violine und Viola. Als Instrument beziehungsweise stimmlicher Schwerpunkt sind Bratsche und Violine verzeichnet.;Wikidata + deutsche Wikipedia;https://de.wikipedia.org/wiki/Josef_Suk_(Geiger);Wikidata + deutsche Wikipedia;0;0;biography_de per UUID aktualisieren;"MusicBrainz enthält 2 gleichnamige Personeneinträge; Zuordnung vor Import prüfen."
8ba25fc2-b3ba-47a3-9ae1-22e69b993198;Joseph Haydn;Joseph Haydn;Importbereit;Hoch;Joseph Haydn (1732–1809) war eine Persönlichkeit des Musiklebens mit Bezug zu Erzherzogtum Österreich. Zu den dokumentierten Tätigkeitsfeldern gehören Komposition, Dirigieren, Musikwissenschaft, Klavier und Orgel. Im erfassten Konzertrepertoire ist Joseph Haydn unter anderem mit „Symphony No. 39“ und „Symphony No. 39 in G minor Hob. I:39“ vertreten.;Wikidata + deutsche Wikipedia;https://de.wikipedia.org/wiki/Joseph_Haydn;Wikidata + deutsche Wikipedia;2;2;biography_de per UUID aktualisieren;
56268907-3762-43a5-965d-25c441ffcb1d;Juan de la Rubia;Juan de la Rubia;Importbereit;Hoch;Juan de la Rubia (* 1982) ist eine Persönlichkeit des Musiklebens mit Bezug zu Spanien. Zu den dokumentierten Tätigkeitsfeldern gehören Orgel und Musikpädagogik. Die verknüpften Münchner Programmdaten nennen Juan de la Rubia für solistische Mitwirkung bei „18. Münchner Orgelherbst“ und „Orgelkonzert mit Juan de la Rubia“.;Wikidata + deutsche Wikipedia;https://de.wikipedia.org/wiki/Juan_de_la_Rubia;Wikidata + deutsche Wikipedia;2;0;biography_de per UUID aktualisieren;
46c43886-ab09-4df0-9bce-c0641dffee3e;Julia Doyle;Julia Doyle;Importbereit;Hoch;Julia Doyle ist eine Persönlichkeit des Musiklebens mit Bezug zu Vereinigtes Königreich. Zu den dokumentierten Tätigkeitsfeldern gehören Gesang und Sopran. Als Instrument beziehungsweise stimmlicher Schwerpunkt ist Singstimme verzeichnet.;Wikidata;https://www.wikidata.org/wiki/Q52634319;Wikidata;0;0;biography_de per UUID aktualisieren;
3c6ea85a-6aaa-45c6-ab1e-895519506a91;Julia Hagen;Julia Hagen;Importbereit;Hoch;Julia Hagen (* 1995) ist eine Persönlichkeit des Musiklebens mit Bezug zu Österreich. Zu den dokumentierten Tätigkeitsfeldern gehören Violoncello. Die verknüpften Münchner Programmdaten nennen Julia Hagen für solistische Mitwirkung bei „Julia Hagen & das Bruckner Orchester Linz“ und „Sir Simon Rattle & Julia Hagen: Werke von Britten, Rachmaninow und Takemitsu“.;Wikidata + deutsche Wikipedia;https://de.wikipedia.org/wiki/Julia_Hagen;Wikidata + deutsche Wikipedia;3;0;biography_de per UUID aktualisieren;
1b5e1ae5-8086-4356-b36a-430a19465823;Julian Rachlin;Julian Rachlin;Importbereit;Hoch;Julian Rachlin (* 1974) ist eine Persönlichkeit des Musiklebens mit Bezug zu Sowjetunion. Zu den dokumentierten Tätigkeitsfeldern gehören Violine, Viola und Dirigieren. Als Instrument beziehungsweise stimmlicher Schwerpunkt sind Violine und Bratsche verzeichnet. Die verknüpften Münchner Programmdaten nennen Julian Rachlin bei „Julian Rachlin, Sarah McElravy, Raphaela Gromes & Julian Riem“ und „Goldmund Quartett“.;Wikidata + deutsche Wikipedia;https://de.wikipedia.org/wiki/Julian_Rachlin;Wikidata + deutsche Wikipedia;2;0;biography_de per UUID aktualisieren;
ca7c3c8d-8635-4203-ab5a-aa95a7a2f657;Julian Riem;Julian Riem;Importbereit;Mittel bis hoch;Julian Riem (* 1973) ist eine Persönlichkeit des Musiklebens mit Bezug zu Deutschland. Die verknüpften Münchner Programmdaten nennen Julian Riem bei „Julian Rachlin, Sarah McElravy, Raphaela Gromes & Julian Riem“ und „Goldmund Quartett“.;MusicBrainz: Julian Riem;https://musicbrainz.org/artist/9b7794aa-9e84-41d5-9af9-39cdd4297a8e;MusicBrainz;2;0;biography_de per UUID aktualisieren;
517266b8-409d-4553-a60d-fb6f43c71d82;Jüri Reinvere;Jüri Reinvere;Importbereit;Hoch;Jüri Reinvere (* 1971) ist eine Persönlichkeit des Kulturlebens mit Bezug zu Estland. Zu den dokumentierten Tätigkeitsfeldern gehören Komposition und Literatur. Im erfassten Konzertrepertoire ist Jüri Reinvere unter anderem mit „Das Lied von den zwei Erden“ vertreten.;Wikidata + deutsche Wikipedia;https://de.wikipedia.org/wiki/J%C3%BCri_Reinvere;Wikidata + deutsche Wikipedia;1;1;biography_de per UUID aktualisieren;
3fa8573d-29d8-46c2-86c1-174656e15bad;Kaija Saariaho;Kaija Saariaho;Importbereit;Hoch;Kaija Saariaho (1952–2023) war eine Persönlichkeit des Musiklebens mit Bezug zu Finnland. Zu den dokumentierten Tätigkeitsfeldern gehören Komposition, Dirigieren, Gitarre, Violine und Klavier.;Wikidata + deutsche Wikipedia;https://de.wikipedia.org/wiki/Kaija_Saariaho;Wikidata + deutsche Wikipedia;0;0;biography_de per UUID aktualisieren;
45d6a3df-afc1-49ec-bd16-32116f293c44;Karen Cargill;Karen Cargill;Importbereit;Hoch;Karen Cargill (* 1975) ist eine Persönlichkeit des Musiklebens mit Bezug zu Vereinigtes Königreich. Zu den dokumentierten Tätigkeitsfeldern gehören Gesang, Sopran und Mezzosopran. Als Instrument beziehungsweise stimmlicher Schwerpunkt ist Singstimme verzeichnet. Die verknüpften Münchner Programmdaten nennen Karen Cargill für solistische Mitwirkung bei „Sir Simon Rattle | Mahler 2: Mahler »Auferstehungssymphonie«“.;Wikidata + englische Wikipedia;https://en.wikipedia.org/wiki/Karen_Cargill;Wikidata + englische Wikipedia;1;0;biography_de per UUID aktualisieren;
1dca3993-4498-4daa-a825-d329db5118eb;Karina Canellakis;Karina Canellakis;Importbereit;Hoch;Karina Canellakis (* 1981) ist eine Persönlichkeit des Musiklebens mit Bezug zu Vereinigte Staaten. Zu den dokumentierten Tätigkeitsfeldern gehören Dirigieren und Violine. Die verknüpften Münchner Programmdaten nennen Karina Canellakis für Dirigat bei „Echtzeit 2 | Sergej Rachmaninow: »Symphonische Tänze«: Moderierte Probe für Schüler*innen“ und „Karina Canellakis | Rachmaninow: Werke von Bartók und Rachmaninow“.;Wikidata + deutsche Wikipedia;https://de.wikipedia.org/wiki/Karina_Canellakis;Wikidata + deutsche Wikipedia;3;0;biography_de per UUID aktualisieren;
7c15ca84-8a86-435e-8fca-89da3ef7c111;Katalin Károlyi;Katalin Károlyi;Importbereit;Hoch;Katalin Károlyi (* 2000) ist eine Persönlichkeit des Musiklebens mit Bezug zu Ungarn. Zu den dokumentierten Tätigkeitsfeldern gehören Gesang. Als Instrument beziehungsweise stimmlicher Schwerpunkt ist Singstimme verzeichnet.;Wikidata + englische Wikipedia;https://en.wikipedia.org/wiki/Katalin_K%C3%A1rolyi;Wikidata + englische Wikipedia;0;0;biography_de per UUID aktualisieren;
a3d542b3-293c-4b37-ae01-91d331ea4a81;Kay Johannsen;Kay Johannsen;Importbereit;Hoch;Kay Johannsen (* 1961) ist eine Persönlichkeit des Musiklebens mit Bezug zu Deutschland. Zu den dokumentierten Tätigkeitsfeldern gehören Dirigieren, Orgel, Komposition und Cembalo. Die verknüpften Münchner Programmdaten nennen Kay Johannsen für solistische Mitwirkung bei „Michaelskonzert am Fest Mariä Himmelfahrt“.;Wikidata + deutsche Wikipedia;https://de.wikipedia.org/wiki/Kay_Johannsen;Wikidata + deutsche Wikipedia;1;0;biography_de per UUID aktualisieren;
b465fdcd-a0a5-4893-8d0d-08560b76a981;Kian Soltani;Kian Soltani;Importbereit;Hoch;Kian Soltani (* 1992) ist eine Persönlichkeit des Musiklebens mit Bezug zu Österreich. Zu den dokumentierten Tätigkeitsfeldern gehören Violoncello. Die verknüpften Münchner Programmdaten nennen Kian Soltani bei „Kian Soltani, Andreas Ottensamer & das Münchener Kammerorchester“.;Wikidata + deutsche Wikipedia;https://de.wikipedia.org/wiki/Kian_Soltani;Wikidata + deutsche Wikipedia;1;0;biography_de per UUID aktualisieren;
521b05e8-506b-4617-b431-a7caeb5dcd2d;Kirill Gerstein;Kirill Gerstein;Importbereit;Hoch;Kirill Gerstein (* 1979) ist eine Persönlichkeit des Musiklebens mit Bezug zu Vereinigte Staaten. Zu den dokumentierten Tätigkeitsfeldern gehören Klavier. Die verknüpften Münchner Programmdaten nennen Kirill Gerstein für solistische Mitwirkung bei „Bamberger Symphoniker, Jakub Hrůša & Kirill Gerstein: Beethoven Klavierkonzert Nr. 5 und 2. Symphonie“ und „Iván Fischer & Kirill Gerstein: Werke von Brahms und Schumann“.;Wikidata + deutsche Wikipedia;https://de.wikipedia.org/wiki/Kirill_Gerstein;Wikidata + deutsche Wikipedia;5;0;biography_de per UUID aktualisieren;
5574b820-90a9-4ba0-a7f4-5eb809458e17;Kit Armstrong;Kit Armstrong;Importbereit;Hoch;Kit Armstrong (* 1992) ist eine Persönlichkeit des Musiklebens mit Bezug zu Vereinigte Staaten. Zu den dokumentierten Tätigkeitsfeldern gehören Klavier und Komposition. Die verknüpften Münchner Programmdaten nennen Kit Armstrong bei „Kit Armstrong, Klavier & Le Concert Olympique“.;Wikidata + deutsche Wikipedia;https://de.wikipedia.org/wiki/Kit_Armstrong;Wikidata + deutsche Wikipedia;1;0;biography_de per UUID aktualisieren;
2222085e-3053-4a07-852f-78dfa969e5b6;Kjell Tore Innervik;Kjell Tore Innervik;Importbereit;Hoch;Kjell Tore Innervik (* 1974) ist eine Persönlichkeit des Musiklebens mit Bezug zu Norwegen. Als Instrument beziehungsweise stimmlicher Schwerpunkt ist Schlaginstrument verzeichnet.;Wikidata;https://www.wikidata.org/wiki/Q61745077;Wikidata;0;0;biography_de per UUID aktualisieren;
75475475-278b-4097-ad07-68ea8a253fc4;Konstantin Krimmel;Konstantin Krimmel;Importbereit;Hoch;Konstantin Krimmel (* 1993) ist eine Persönlichkeit des Kulturlebens mit Bezug zu Deutschland. Zu den dokumentierten Tätigkeitsfeldern gehören Gesang, Schauspiel und Bariton. Als Instrument beziehungsweise stimmlicher Schwerpunkt ist Singstimme verzeichnet. Die verknüpften Münchner Programmdaten nennen Konstantin Krimmel für solistische Mitwirkung bei „Sir Simon Rattle | Beethoven 9: Werke von Bach und Beethoven“ und „Bach: Weihnachtsoratorium“.;Wikidata + deutsche Wikipedia;https://de.wikipedia.org/wiki/Konstantin_Krimmel;Wikidata + deutsche Wikipedia;6;0;biography_de per UUID aktualisieren;
5c4c9b67-80bd-457c-89e0-d75384751e48;Lars Eidinger;Lars Eidinger;Importbereit;Hoch;Lars Eidinger (* 1976) ist eine Persönlichkeit des Kulturlebens mit Bezug zu Deutschland. Zu den dokumentierten Tätigkeitsfeldern gehören Schauspiel, Moderation, Komposition und Bildende Kunst. Die verknüpften Münchner Programmdaten nennen Lars Eidinger für solistische Mitwirkung bei „Lars Eidinger liest, spielt, singt Bertolt Brechts Hauspostille“ und „Lars Eidinger liest Thomas Brasch“.;Wikidata + deutsche Wikipedia;https://de.wikipedia.org/wiki/Lars_Eidinger;Wikidata + deutsche Wikipedia;2;0;biography_de per UUID aktualisieren;
783ef1dc-1869-4a58-9f14-5ea2cde670f9;Leonard Bernstein;Leonard Bernstein;Importbereit;Hoch;Leonard Bernstein (1918–1990) war eine Persönlichkeit des Kulturlebens mit Bezug zu Vereinigte Staaten. Zu den dokumentierten Tätigkeitsfeldern gehören Dirigieren, Klavier, Komposition, Musikwissenschaft und Literatur. Im erfassten Konzertrepertoire ist Leonard Bernstein unter anderem mit „Chichester Psalms“ vertreten.;Wikidata + deutsche Wikipedia;https://de.wikipedia.org/wiki/Leonard_Bernstein;Wikidata + deutsche Wikipedia;3;1;biography_de per UUID aktualisieren;
3dab471c-036d-46a0-86c8-b657c5d691fe;Leonardo García Alarcón;Leonardo García Alarcón;Importbereit;Hoch;Leonardo García Alarcón (* 1976) ist eine Persönlichkeit des Musiklebens mit Bezug zu Argentinien. Zu den dokumentierten Tätigkeitsfeldern gehören Dirigieren, Cembalo, Orgel und Komposition.;Wikidata + deutsche Wikipedia;https://de.wikipedia.org/wiki/Leonardo_Garc%C3%ADa_Alarc%C3%B3n;Wikidata + deutsche Wikipedia;0;0;biography_de per UUID aktualisieren;
5c07b524-13bf-46f4-af85-4a746c3813d3;Leoš Janáček;Leoš Janáček;Importbereit;Hoch;Leoš Janáček (1854–1928) war eine Persönlichkeit des Musiklebens mit Bezug zu Kaisertum Österreich. Zu den dokumentierten Tätigkeitsfeldern gehören Komposition, Musikwissenschaft, Musikpädagogik, Dirigieren und Orgel.;Wikidata + deutsche Wikipedia;https://de.wikipedia.org/wiki/Leo%C5%A1_Jan%C3%A1%C4%8Dek;Wikidata + deutsche Wikipedia;0;0;biography_de per UUID aktualisieren;
4281c1f1-05ec-45fe-ace1-1f49bdd7219f;Louise Alder;Louise Alder;Importbereit;Hoch;Louise Alder (* 1986) ist eine Persönlichkeit des Musiklebens mit Bezug zu Vereinigtes Königreich. Zu den dokumentierten Tätigkeitsfeldern gehören Gesang, Violine und Sopran. Als Instrument beziehungsweise stimmlicher Schwerpunkt ist Singstimme verzeichnet.;Wikidata + deutsche Wikipedia;https://de.wikipedia.org/wiki/Louise_Alder;Wikidata + deutsche Wikipedia;0;0;biography_de per UUID aktualisieren;
65e8a267-8244-40b8-8e9f-9d45d35aedf4;Louise Bertin;Louise Bertin;Importbereit;Hoch;"Louise Bertin (1805–1877) war eine Persönlichkeit des Kulturlebens mit Bezug zu Frankreich. Zu den dokumentierten Tätigkeitsfeldern gehören Literatur und Komposition. Im erfassten Konzertrepertoire ist Louise Bertin unter anderem mit „Ouvertüre zu ""Faust""“ vertreten.";Wikidata + deutsche Wikipedia;https://de.wikipedia.org/wiki/Louise_Bertin;Wikidata + deutsche Wikipedia;0;1;biography_de per UUID aktualisieren;
fd66ea6c-8f7b-4a3a-8823-a5338be5ffa3;Lucy Crowe;Lucy Crowe;Importbereit;Hoch;Lucy Crowe (* 1979) ist eine Persönlichkeit des Musiklebens mit Bezug zu Vereinigtes Königreich. Zu den dokumentierten Tätigkeitsfeldern gehören Gesang und Sopran. Als Instrument beziehungsweise stimmlicher Schwerpunkt ist Singstimme verzeichnet. Die verknüpften Münchner Programmdaten nennen Lucy Crowe für solistische Mitwirkung bei „Sir Simon Rattle | Beethoven 9: Werke von Bach und Beethoven“ und „Sir Simon Rattle | Mahler 2: Mahler »Auferstehungssymphonie«“.;Wikidata + deutsche Wikipedia;https://de.wikipedia.org/wiki/Lucy_Crowe;Wikidata + deutsche Wikipedia;4;0;biography_de per UUID aktualisieren;
b848d588-92a3-4b7c-b88c-f58459319b61;Ludovic Tézier;Ludovic Tézier;Importbereit;Hoch;Ludovic Tézier (* 1968) ist eine Persönlichkeit des Musiklebens mit Bezug zu Frankreich. Zu den dokumentierten Tätigkeitsfeldern gehören Gesang und Bariton. Als Instrument beziehungsweise stimmlicher Schwerpunkt ist Singstimme verzeichnet. Die verknüpften Münchner Programmdaten nennen Ludovic Tézier für solistische Mitwirkung bei „Münchner Opernfestspiele 2026: Ludovic Tézier“.;Wikidata + deutsche Wikipedia;https://de.wikipedia.org/wiki/Ludovic_T%C3%A9zier;Wikidata + deutsche Wikipedia;1;0;biography_de per UUID aktualisieren;
0c0a67d1-f4f4-4964-9f18-49335461c9e3;Lukas Sternath;Lukas Sternath;Importbereit;Hoch;Lukas Sternath (* 2001) ist eine Persönlichkeit des Musiklebens mit Bezug zu Österreich. Zu den dokumentierten Tätigkeitsfeldern gehören Klavier. Die verknüpften Münchner Programmdaten nennen Lukas Sternath für solistische Mitwirkung bei „Lukas Sternath“ und „Jubiläumskonzert: 75 Jahre ARD-Musikwettbewerb“.;Wikidata + deutsche Wikipedia;https://de.wikipedia.org/wiki/Lukas_Sternath;Wikidata + deutsche Wikipedia;2;0;biography_de per UUID aktualisieren;
033baeb3-ed78-4e5e-adf2-2203e4bc9812;Lydia Teuscher;Lydia Teuscher;Importbereit;Hoch;Lydia Teuscher (* 1975) ist eine Persönlichkeit des Musiklebens mit Bezug zu Deutschland. Zu den dokumentierten Tätigkeitsfeldern gehören Gesang und Sopran. Als Instrument beziehungsweise stimmlicher Schwerpunkt ist Singstimme verzeichnet.;Wikidata + deutsche Wikipedia;https://de.wikipedia.org/wiki/Lydia_Teuscher;Wikidata + deutsche Wikipedia;0;0;biography_de per UUID aktualisieren;
d58ecfa4-0deb-4f5e-8ed9-1e17d149ea1e;Magdalena Kožená;Magdalena Kožená;Importbereit;Hoch;Magdalena Kožená (* 1973) ist eine Persönlichkeit des Musiklebens mit Bezug zu Tschechien. Zu den dokumentierten Tätigkeitsfeldern gehören Gesang, Klavier, Sopran und Mezzosopran. Als Instrument beziehungsweise stimmlicher Schwerpunkt sind Klavier und Singstimme verzeichnet.;Wikidata + deutsche Wikipedia;https://de.wikipedia.org/wiki/Magdalena_Ko%C5%BEen%C3%A1;Wikidata + deutsche Wikipedia;0;0;biography_de per UUID aktualisieren;
3bdd06d8-ed28-4969-821a-88e98d917268;Mahan Esfahani;Mahan Esfahani;Importbereit;Hoch;Mahan Esfahani (* 1984) ist eine Persönlichkeit des Musiklebens mit Bezug zu Iran. Zu den dokumentierten Tätigkeitsfeldern gehören Cembalo, Dirigieren, Musikwissenschaft und Harfe.;Wikidata + deutsche Wikipedia;https://de.wikipedia.org/wiki/Mahan_Esfahani;Wikidata + deutsche Wikipedia;0;0;biography_de per UUID aktualisieren;
72e118a4-0cef-4cce-91b4-5dc6f80761d6;Manfred Honeck;Manfred Honeck;Importbereit;Hoch;Manfred Honeck (* 1958) ist eine Persönlichkeit des Musiklebens mit Bezug zu Österreich. Zu den dokumentierten Tätigkeitsfeldern gehören Dirigieren, Arrangement, Viola und Violine. Als Instrument beziehungsweise stimmlicher Schwerpunkt sind Bratsche und Violine verzeichnet.;Wikidata + deutsche Wikipedia;https://de.wikipedia.org/wiki/Manfred_Honeck;Wikidata + deutsche Wikipedia;0;0;biography_de per UUID aktualisieren;
637fc25e-efb3-4775-971a-067ead17aeb4;Manuel de Falla;Manuel de Falla;Importbereit;Hoch;Manuel de Falla (1876–1946) war eine Persönlichkeit des Kulturlebens mit Bezug zu Spanien. Zu den dokumentierten Tätigkeitsfeldern gehören Komposition, Literatur, Klavier und Orgel. Im erfassten Konzertrepertoire ist Manuel de Falla unter anderem mit „Danza Española aus La vida breve“ und „El retablo de Maese Pedro“ vertreten.;Wikidata + deutsche Wikipedia;https://de.wikipedia.org/wiki/Manuel_de_Falla;Wikidata + deutsche Wikipedia;1;2;biography_de per UUID aktualisieren;
82b3abc5-8e5a-4ba4-b818-8b333ebe13e9;Manuel Nawri;Manuel Nawri;Importbereit;Mittel bis hoch;Manuel Nawri (* 1974) ist eine Persönlichkeit des Musiklebens mit Bezug zu Deutschland. Zu den dokumentierten Tätigkeitsfeldern gehören Dirigieren. Die verknüpften Münchner Programmdaten nennen Manuel Nawri für Dirigat bei „Konzert des Nymphenburger Kammerorchesters“.;MusicBrainz: German conductor;https://musicbrainz.org/artist/e921f218-cced-4a9d-abdd-da58ed540ba3;MusicBrainz;1;0;biography_de per UUID aktualisieren;
16582eb5-2b4c-4c8c-87a8-e839a1c529e3;Marc-Antoine Charpentier;Marc-Antoine Charpentier;Importbereit;Hoch;Marc-Antoine Charpentier (1643–1704) war eine Persönlichkeit des Kulturlebens mit Bezug zu Königreich Frankreich. Zu den dokumentierten Tätigkeitsfeldern gehören Komposition, Tanz und Choreografie, Gesang und Orgel. Als Instrument beziehungsweise stimmlicher Schwerpunkt sind Orgel und Singstimme verzeichnet. Die verknüpften Münchner Programmdaten nennen Marc-Antoine Charpentier für Komposition bei „Festliche Advents-Matinée“.;Wikidata + deutsche Wikipedia;https://de.wikipedia.org/wiki/Marc-Antoine_Charpentier;Wikidata + deutsche Wikipedia;1;0;biography_de per UUID aktualisieren;
cc6adf31-1e73-4e22-b9c4-64dd2cd6975f;Marco Blaauw;Marco Blaauw;Importbereit;Hoch;Marco Blaauw (* 1965) ist eine Persönlichkeit des Kulturlebens mit Bezug zu Königreich der Niederlande. Zu den dokumentierten Tätigkeitsfeldern gehören Trompete, Bildende Kunst, Komposition und Horn.;Wikidata + deutsche Wikipedia;https://de.wikipedia.org/wiki/Marco_Blaauw;Wikidata + deutsche Wikipedia;0;0;biography_de per UUID aktualisieren;
8cb52d83-9b7e-4923-8a7a-cd0229b9456d;María Dueñas;María Dueñas;Importbereit;Hoch;María Dueñas (* 1964) ist eine Persönlichkeit des Kulturlebens mit Bezug zu Spanien. Zu den dokumentierten Tätigkeitsfeldern gehören Literatur und Violine. Die verknüpften Münchner Programmdaten nennen María Dueñas für solistische Mitwirkung bei „Philharmonia Orchestra London“.;Wikidata + deutsche Wikipedia;https://de.wikipedia.org/wiki/Mar%C3%ADa_Due%C3%B1as_(Schriftstellerin);Wikidata + deutsche Wikipedia;1;0;biography_de per UUID aktualisieren;"MusicBrainz enthält 2 gleichnamige Personeneinträge; Zuordnung vor Import prüfen."
65683293-bdda-45e2-b0e5-41f9b6131db6;Marianne Crebassa;Marianne Crebassa;Importbereit;Hoch;Marianne Crebassa (* 1986) ist eine Persönlichkeit des Musiklebens mit Bezug zu Frankreich. Zu den dokumentierten Tätigkeitsfeldern gehören Gesang, Sopran und Mezzosopran. Als Instrument beziehungsweise stimmlicher Schwerpunkt ist Singstimme verzeichnet.;Wikidata + deutsche Wikipedia;https://de.wikipedia.org/wiki/Marianne_Crebassa;Wikidata + deutsche Wikipedia;0;0;biography_de per UUID aktualisieren;
d327c94a-eb2c-4442-ad0b-ef84269c33c2;Marie-Sophie Pollak;Marie-Sophie Pollak;Importbereit;Hoch;Marie-Sophie Pollak (* 1988) ist eine Persönlichkeit des Musiklebens mit Bezug zu Deutschland. Zu den dokumentierten Tätigkeitsfeldern gehören Gesang und Sopran. Als Instrument beziehungsweise stimmlicher Schwerpunkt ist Singstimme verzeichnet. Die verknüpften Münchner Programmdaten nennen Marie-Sophie Pollak für solistische Mitwirkung bei „18. Münchner Orgelherbst“.;Wikidata + deutsche Wikipedia;https://de.wikipedia.org/wiki/Marie-Sophie_Pollak;Wikidata + deutsche Wikipedia;1;0;biography_de per UUID aktualisieren;
1181c9d4-691c-45ab-8c5d-7fcbb424587c;Marin Marais;Marin Marais;Importbereit;Hoch;Marin Marais (1656–1728) war eine Persönlichkeit des Musiklebens mit Bezug zu Frankreich. Zu den dokumentierten Tätigkeitsfeldern gehören Komposition und Viola. Im erfassten Konzertrepertoire ist Marin Marais unter anderem mit „Grand Ballet“ vertreten.;Wikidata + deutsche Wikipedia;https://de.wikipedia.org/wiki/Marin_Marais;Wikidata + deutsche Wikipedia;1;1;biography_de per UUID aktualisieren;
27319cc7-e81c-4982-a444-1d9991faff1f;Marios Papadopoulos;Marios Papadopoulos;Importbereit;Hoch;Marios Papadopoulos (* 1954) ist eine Persönlichkeit des Musiklebens mit Bezug zu Vereinigtes Königreich. Zu den dokumentierten Tätigkeitsfeldern gehören Dirigieren und Klavier.;Wikidata + deutsche Wikipedia;https://de.wikipedia.org/wiki/Marios_Papadopoulos;Wikidata + deutsche Wikipedia;0;0;biography_de per UUID aktualisieren;
aeaf6d6f-f982-4f02-98db-f19a280bb10b;Martha Argerich;Martha Argerich;Importbereit;Hoch;Martha Argerich (* 1941) ist eine Persönlichkeit des Musiklebens mit Bezug zu Argentinien. Zu den dokumentierten Tätigkeitsfeldern gehören Klavier. Die verknüpften Münchner Programmdaten nennen Martha Argerich für solistische Mitwirkung bei „Münchner Philharmoniker: Ravel Bernstein Strawinsky“ und „Oxford Philharmonic Orchestra“.;Wikidata + deutsche Wikipedia;https://de.wikipedia.org/wiki/Martha_Argerich;Wikidata + deutsche Wikipedia;2;0;biography_de per UUID aktualisieren;
a0c8231c-4d7e-4ee2-b67d-e0fd4363e0ab;Matthias Bundschuh;Matthias Bundschuh;Importbereit;Mittel bis hoch;Matthias Bundschuh (* 1966) ist eine Persönlichkeit des Kulturlebens mit Bezug zu Deutschland. Zu den dokumentierten Tätigkeitsfeldern gehören Schauspiel und Literatur. Die verknüpften Münchner Programmdaten nennen Matthias Bundschuh für Dirigat bei „Isabelle Faust & Friends / Baselitz / Salzburger Marionettentheater“.;MusicBrainz: actor/writer;https://musicbrainz.org/artist/c42f9e21-0a08-43f1-bdc1-555c08a5c841;MusicBrainz;1;0;biography_de per UUID aktualisieren;
9ff50bb5-ccfd-4fa7-84e0-e354dfd30357;Matthias Pintscher;Matthias Pintscher;Importbereit;Mittel bis hoch;Matthias Pintscher (* 1971) ist eine Persönlichkeit des Musiklebens mit Bezug zu Deutschland. Zu den dokumentierten Tätigkeitsfeldern gehören Komposition und Dirigieren. Die verknüpften Münchner Programmdaten nennen Matthias Pintscher für Dirigat bei „Symphonieorchester des Bayerischen Rundfunks mit Matthias Pintscher“ und „Symphonieorchester des Bayerischen Rundfunks: Matthias Pintscher: Werke von Kaija Saariaho, Jón Leifs, Lisa Streich u.v.m.“.;MusicBrainz: Matthias Pintscher;https://musicbrainz.org/artist/3998a0e5-bcf4-41ff-951d-cddafd51cbb9;MusicBrainz;2;0;biography_de per UUID aktualisieren;
20ef405e-afd0-44e5-a8c7-e328c309682d;Maurice Ravel;Maurice Ravel;Importbereit;Mittel bis hoch;Maurice Ravel (1875–1937) war eine Persönlichkeit des Musiklebens mit Bezug zu Frankreich. Zu den dokumentierten Tätigkeitsfeldern gehören Komposition. Im erfassten Konzertrepertoire ist Maurice Ravel unter anderem mit „La Valse“, „Concerto for Piano and Orchestra in G major“ und „Konzert für Klavier und Orchester“ vertreten.;MusicBrainz: French composer;https://musicbrainz.org/artist/6fdd3b3e-1ea6-4da9-8d6f-8f8de01c133a;MusicBrainz;9;3;biography_de per UUID aktualisieren;
ecf0d223-94c8-4a1f-9e41-1bfdabbcbfb0;Max Bruch;Max Bruch;Importbereit;Mittel bis hoch;Max Bruch (1838–1920) war eine Persönlichkeit des Musiklebens mit Bezug zu Deutschland. Zu den dokumentierten Tätigkeitsfeldern gehören Komposition und Dirigieren. Die verknüpften Münchner Programmdaten nennen Max Bruch für Komposition bei „Matinée der Romantiker: Deutsche Klangpoesie“.;MusicBrainz: composer and conductor;https://musicbrainz.org/artist/e3d5cfcd-e42b-411d-add2-716a5029f59b;MusicBrainz;1;0;biography_de per UUID aktualisieren;
431d197d-cd24-489a-8088-eea5ab68743d;Milica Djordjević;Milica Djordjević;Importbereit;Mittel bis hoch;Milica Djordjević (* 1984) ist eine Persönlichkeit des Musiklebens mit Bezug zu Deutschland. Zu den dokumentierten Tätigkeitsfeldern gehören Komposition. Die verknüpften Münchner Programmdaten nennen Milica Djordjević für Komposition bei „Symphonieorchester des Bayerischen Rundfunks mit Brad Lubman“.;MusicBrainz: composer of contemporary classical music;https://musicbrainz.org/artist/c334b308-a7c7-47e5-aa06-3ac8835b6193;MusicBrainz;1;0;biography_de per UUID aktualisieren;
65c54ac8-d851-4baf-8f3c-a2daeef2e079;Mitsuko Uchida;Mitsuko Uchida;Importbereit;Hoch;"Mitsuko Uchida ist eine japanisch-britische Pianistin und Dirigentin. Sie gilt besonders als Interpretin von Mozart, Schubert, Schumann und Beethoven und widmet sich ebenso der Zweiten Wiener Schule sowie György Kurtág. Als Pianistin und Leiterin arbeitete sie über viele Jahre eng mit dem Mahler Chamber Orchestra und dem Cleveland Orchestra zusammen. Ihre umfangreiche Diskografie wurde unter anderem mit zwei Grammy Awards ausgezeichnet; zudem ist sie Co-Artistic Director des Marlboro Music Festival.";Mitsuko Uchida;https://mitsukouchida.com/biography/;Offizielle Website;0;0;biography_de per UUID aktualisieren;
73359bad-aa6d-4d5a-bad6-24c4d5892b5e;Mulo Francel;Mulo Francel;Importbereit;Mittel bis hoch;Mulo Francel (* 1967) ist eine Persönlichkeit des Musiklebens mit Bezug zu Deutschland. Zu den dokumentierten Tätigkeitsfeldern gehören Jazz. Die verknüpften Münchner Programmdaten nennen Mulo Francel für solistische Mitwirkung bei „Quadro Nuevo & Prof. Harald Lesch: Sonne, Mond und Sterne“.;MusicBrainz: Mulo Francel;https://musicbrainz.org/artist/1c1353a4-fd81-415d-b126-9eb3d1b5b745;MusicBrainz;1;0;biography_de per UUID aktualisieren;
662ca6f6-d9b0-4719-818a-1436a3234a7b;Niccolò Paganini;Niccolò Paganini;Importbereit;Mittel bis hoch;Niccolò Paganini (1782–1840) war eine Persönlichkeit des Musiklebens mit Bezug zu Italien. Zu den dokumentierten Tätigkeitsfeldern gehören Komposition, Violine und Gitarre. Im erfassten Konzertrepertoire ist Niccolò Paganini unter anderem mit „Variationen über Caprice“ vertreten.;MusicBrainz: Italian composer and violinist;https://musicbrainz.org/artist/d581b2f2-f945-4566-a249-2d0171466993;MusicBrainz;0;1;biography_de per UUID aktualisieren;
cb74860e-5fe7-4fe7-8b61-668d2ec53f6c;Nicolas Altstaedt;Nicolas Altstaedt;Importbereit;Mittel bis hoch;Nicolas Altstaedt (* 1982) ist eine Persönlichkeit des Musiklebens mit Bezug zu Deutschland. Zu den dokumentierten Tätigkeitsfeldern gehören Violoncello. Die verknüpften Münchner Programmdaten nennen Nicolas Altstaedt für solistische Mitwirkung bei „Münchner Philharmoniker: Strauß (Sohn) Schostakowitsch Zimmermann Ravel“.;MusicBrainz: cellist;https://musicbrainz.org/artist/747e0758-1ef0-4989-a48d-e6e3545c443d;MusicBrainz;2;0;biography_de per UUID aktualisieren;
6323cbe4-f525-40ef-b258-cad71167a60a;Nicolas Namoradze;Nicolas Namoradze;Importbereit;Mittel bis hoch;Nicolas Namoradze (* 1992) ist eine Persönlichkeit des Musiklebens mit Bezug zu New York. Zu den dokumentierten Tätigkeitsfeldern gehören Komposition und Klavier. Die verknüpften Münchner Programmdaten nennen Nicolas Namoradze für solistische Mitwirkung bei „Nicolas Namoradze: Achtsam hören“.;MusicBrainz: pianist/composer;https://musicbrainz.org/artist/cf03c26d-b07b-49bc-9971-afeb8461a6f7;MusicBrainz;1;0;biography_de per UUID aktualisieren;
28e74eff-0dcf-4b82-a71c-73e78d4a5df6;Nikolaj Znaider;Nikolaj Szeps-Znaider;Importbereit;Hoch;Nikolaj Szeps-Znaider, früher meist als Nikolaj Znaider angekündigt, ist ein dänischer Violinist und Dirigent. Nach dem Gewinn des Carl-Nielsen-Wettbewerbs 1992 entwickelte er eine internationale Solokarriere und erweiterte seine Tätigkeit später um das Dirigieren. Er gastiert bei führenden Orchestern in Europa und Nordamerika und verbindet in seiner Arbeit solistische Auftritte mit der Leitung symphonischen Repertoires. Als Violinist spielt er ein Guarneri-del-Gesù-Instrument von 1741, das früher Fritz Kreisler gehörte.;Chicago Symphony Orchestra;https://cso.org/about/performers/visiting-artists/conductors/nikolaj-szeps-znaider/;Institutionelle Website;0;0;biography_de per UUID aktualisieren;Die heute gebräuchliche Namensform Nikolaj Szeps-Znaider wurde berücksichtigt.
c715b9ec-0704-4e76-a19f-c5282ffe360c;Olivier Messiaen;Olivier Messiaen;Importbereit;Mittel bis hoch;Olivier Messiaen (1908–1992) war eine Persönlichkeit des Musiklebens mit Bezug zu Frankreich. Zu den dokumentierten Tätigkeitsfeldern gehören Komposition und Orgel. Im erfassten Konzertrepertoire ist Olivier Messiaen unter anderem mit „»Oiseaux exotiques«“ und „Oiseaux exotiques for piano and small orchestra“ vertreten.;MusicBrainz: composer and organist;https://musicbrainz.org/artist/c6e5c5f4-984e-432a-87b8-b6afa288bca1;MusicBrainz;2;2;biography_de per UUID aktualisieren;
4c79a7b7-60bf-430a-887b-dcfa4a01afd6;Pascal Moraguès;Pascal Moraguès;Importbereit;Mittel bis hoch;Pascal Moraguès (* 1963) ist eine Persönlichkeit des Musiklebens mit Bezug zu Frankreich. Zu den dokumentierten Tätigkeitsfeldern gehören Klarinette. Die verknüpften Münchner Programmdaten nennen Pascal Moraguès für solistische Mitwirkung bei „Isabelle Faust & Friends / Baselitz / Salzburger Marionettentheater“.;MusicBrainz: clarinetist;https://musicbrainz.org/artist/f940447a-e6e3-4c76-aba0-57f4efffd5ab;MusicBrainz;1;0;biography_de per UUID aktualisieren;
549e0b63-5ae2-44e6-8586-259033e7b6fc;Philipp Schiepek;Philipp Schiepek;Importbereit;Mittel bis hoch;Philipp Schiepek (* 1994) ist eine Persönlichkeit des Musiklebens mit Bezug zu München. Die verknüpften Münchner Programmdaten nennen Philipp Schiepek für solistische Mitwirkung bei „Quadro Nuevo & Prof. Harald Lesch: Sonne, Mond und Sterne“.;MusicBrainz: Philipp Schiepek;https://musicbrainz.org/artist/9b34e036-5e29-4cf8-b7e1-00fac099a5b7;MusicBrainz;1;0;biography_de per UUID aktualisieren;
a80af3f3-78db-4df1-9640-acd46c549195;Philipp Stubenrauch;Philipp Stubenrauch;Importbereit;Mittel bis hoch;Philipp Stubenrauch (* 1978) ist eine Persönlichkeit des Musiklebens mit Bezug zu Deutschland. Die verknüpften Münchner Programmdaten nennen Philipp Stubenrauch für solistische Mitwirkung bei „Kammerkonzert »Meister und Mäzen«: Werke von Erzherzog Rudolph von Österreich und Beethoven“.;MusicBrainz: Philipp Stubenrauch;https://musicbrainz.org/artist/139d39df-ecb2-4c48-aea7-da66cd37b4d9;MusicBrainz;1;0;biography_de per UUID aktualisieren;
16d40550-ec1a-4bab-8e1b-8f28ea3e9958;Philippe Jaroussky;Philippe Jaroussky;Importbereit;Mittel bis hoch;Philippe Jaroussky (* 1978) ist eine Persönlichkeit des Musiklebens mit Bezug zu Frankreich. Zu den dokumentierten Tätigkeitsfeldern gehören Tenor. Die verknüpften Münchner Programmdaten nennen Philippe Jaroussky bei „Philippe Jaroussky & das Ensemble Artaserse: Il mio Vivaldi“.;MusicBrainz: countertenor;https://musicbrainz.org/artist/4ab01afd-403e-43ca-a034-c4ee8b15e8d0;MusicBrainz;1;0;biography_de per UUID aktualisieren;
76fe3fa4-2c6a-4bb6-894a-0145ff887b88;Pjotr Iljitsch Tschaikowski;Pjotr Iljitsch Tschaikowski;Importbereit;Hoch;Pjotr Iljitsch Tschaikowski (1840–1893) war ein russischer Komponist der Romantik. Sein Werk verbindet westlich geprägte Formen mit einer ausgeprägt melodischen und dramatischen Tonsprache. Zu seinen bekanntesten Kompositionen zählen die Ballette „Schwanensee“, „Dornröschen“ und „Der Nussknacker“, die Oper „Eugen Onegin“, sechs Symphonien sowie das Erste Klavier- und das Violinkonzert. Seine Musik gehört heute weltweit zum Kernrepertoire von Opern-, Ballett- und Konzertbühnen.;International Tchaikovsky Competition;https://www.tchaikovskycompetition.com/en/biography/;Institutionelle Website;0;1;biography_de per UUID aktualisieren;
44a019bf-c76a-4117-baa6-62b162cfe14f;Raphaela Gromes;Raphaela Gromes;Importbereit;Mittel bis hoch;Raphaela Gromes (* 1991) ist eine Persönlichkeit des Musiklebens mit Bezug zu Deutschland. Zu den dokumentierten Tätigkeitsfeldern gehören Violoncello. Die verknüpften Münchner Programmdaten nennen Raphaela Gromes bei „Julian Rachlin, Sarah McElravy, Raphaela Gromes & Julian Riem“ und „Goldmund Quartett“.;MusicBrainz: cellist;https://musicbrainz.org/artist/18c221f1-2b1f-4347-9bd0-3e4c885c03fa;MusicBrainz;2;0;biography_de per UUID aktualisieren;
bb9397b4-ac06-4d2d-b9f0-4db64f5a88ff;Riccardo Chailly;Riccardo Chailly;Importbereit;Mittel bis hoch;Riccardo Chailly (* 1953) ist eine Persönlichkeit des Musiklebens mit Bezug zu Italien. Zu den dokumentierten Tätigkeitsfeldern gehören Dirigieren. Die verknüpften Münchner Programmdaten nennen Riccardo Chailly für Dirigat bei „Symphonieorchester des Bayerischen Rundfunks mit Riccardo Chailly“ und „Riccardo Chailly: Wolfgang Rihm zu Ehren“.;MusicBrainz: conductor;https://musicbrainz.org/artist/28accaf9-3a4b-4052-b9d3-8033d3137d2d;MusicBrainz;5;0;biography_de per UUID aktualisieren;
7ca93ce9-5461-46f7-bb62-6d713811aed0;Robert Schumann;Robert Schumann;Importbereit;Mittel;Robert Schumann (1810–1856) war eine Persönlichkeit des Musiklebens mit Bezug zu Deutschland. Zu den dokumentierten Tätigkeitsfeldern gehören Komposition. Im erfassten Konzertrepertoire ist Robert Schumann unter anderem mit „Symphonie Nr. 3“, „Klavierquartett“ und „Szenen aus Goethes Faust“ vertreten.;MusicBrainz: German classical composer;https://musicbrainz.org/artist/3cd3882c-00f8-4362-a0c2-ad89ed248533;MusicBrainz;0;3;biography_de per UUID aktualisieren;"MusicBrainz enthält 2 gleichnamige Personeneinträge; Zuordnung vor Import prüfen."
482a9dce-dc45-47a3-a1d1-545546b3024b;Rudolf Buchbinder;Rudolf Buchbinder;Importbereit;Mittel bis hoch;Rudolf Buchbinder (* 1946) ist eine Persönlichkeit des Musiklebens mit Bezug zu Österreich. Zu den dokumentierten Tätigkeitsfeldern gehören Klavier. Die verknüpften Münchner Programmdaten nennen Rudolf Buchbinder für solistische Mitwirkung bei „Rudolf Buchbinder“.;MusicBrainz: Austrian classical pianist;https://musicbrainz.org/artist/190801a9-c762-41df-96fa-a34536a33d08;MusicBrainz;2;0;biography_de per UUID aktualisieren;
edfd81b1-90da-4446-aff5-2df8f53f7f52;Samuel Barber;Samuel Barber;Importbereit;Mittel bis hoch;Samuel Barber (1910–1981) war eine Persönlichkeit des Musiklebens mit Bezug zu Vereinigte Staaten. Zu den dokumentierten Tätigkeitsfeldern gehören Komposition. Die verknüpften Münchner Programmdaten nennen Samuel Barber für Komposition bei „Kisoboka – Everything Is Possible“.;MusicBrainz: American composer;https://musicbrainz.org/artist/74ed34ce-ee95-44e9-a87d-4d2d5056c24a;MusicBrainz;1;0;biography_de per UUID aktualisieren;
04404a78-78b5-4ef1-ad9e-41c6a3f2f393;Samuel Coleridge-Taylor;Samuel Coleridge-Taylor;Importbereit;Mittel bis hoch;Samuel Coleridge-Taylor (1875–1912) war eine Persönlichkeit des Musiklebens mit Bezug zu Vereinigtes Königreich. Zu den dokumentierten Tätigkeitsfeldern gehören Komposition und Dirigieren. Die verknüpften Münchner Programmdaten nennen Samuel Coleridge-Taylor für Komposition bei „Festliche Advents-Matinée“.;MusicBrainz: composer, conductor;https://musicbrainz.org/artist/4ade7e9d-cb1d-4d35-b711-dd970a7c4341;MusicBrainz;1;0;biography_de per UUID aktualisieren;
ceef7962-102c-4080-b58a-66399913e9fa;Samuel Hasselhorn;Samuel Hasselhorn;Importbereit;Mittel bis hoch;Samuel Hasselhorn (* 1990) ist eine Persönlichkeit des Musiklebens mit Bezug zu Deutschland. Zu den dokumentierten Tätigkeitsfeldern gehören Bariton. Die verknüpften Münchner Programmdaten nennen Samuel Hasselhorn für solistische Mitwirkung bei „Münchner Philharmoniker: Mendelssohn Bartholdy Schumann“.;MusicBrainz: baritone;https://musicbrainz.org/artist/1c0daf27-f72c-4ca1-b6b7-3d4eb42df1cc;MusicBrainz;2;0;biography_de per UUID aktualisieren;
091aac9d-9be9-40be-8470-22a5aee4661e;Santtu-Matias Rouvali;Santtu-Matias Rouvali;Importbereit;Mittel bis hoch;Santtu-Matias Rouvali (* 1985) ist eine Persönlichkeit des Musiklebens mit Bezug zu Finnland. Zu den dokumentierten Tätigkeitsfeldern gehören Dirigieren und Schlagwerk. Die verknüpften Münchner Programmdaten nennen Santtu-Matias Rouvali für Dirigat bei „Philharmonia Orchestra London“.;MusicBrainz: conductor and percussionist;https://musicbrainz.org/artist/03198c9a-5fb9-4327-88ea-c18bb79df483;MusicBrainz;1;0;biography_de per UUID aktualisieren;
f6ae1b5f-0ed5-45e5-b73a-c646d9b4584e;Sarah McElravy;Sarah McElravy;Importbereit;Mittel bis hoch;Sarah McElravy ist eine Persönlichkeit des Musiklebens. Zu den dokumentierten Tätigkeitsfeldern gehören Violine. Die verknüpften Münchner Programmdaten nennen Sarah McElravy bei „Julian Rachlin, Sarah McElravy, Raphaela Gromes & Julian Riem“ und „Goldmund Quartett“.;MusicBrainz: violinist;https://musicbrainz.org/artist/8597dc2e-91cc-48a0-b775-5348759d7eed;MusicBrainz;2;0;biography_de per UUID aktualisieren;
b4445e3d-c759-4842-8bc5-ecd9158f0a90;Sayaka Selina Studer;Sayaka Selina Studer;Importbereit;Mittel bis hoch;Sayaka Selina Studer ist eine Persönlichkeit des Musiklebens mit Bezug zu Deutschland. Die verknüpften Münchner Programmdaten nennen Sayaka Selina Studer für solistische Mitwirkung bei „Kammerkonzert »Meister und Mäzen«: Werke von Erzherzog Rudolph von Österreich und Beethoven“.;MusicBrainz: Sayaka Selina Studer;https://musicbrainz.org/artist/83807110-198e-458a-9393-2e0c7e6a513e;MusicBrainz;1;0;biography_de per UUID aktualisieren;
d007a6ba-8990-48db-8999-d303a9a00a28;Senta Berger;Senta Berger;Importbereit;Mittel bis hoch;Senta Berger (* 1941) ist eine Persönlichkeit des Kulturlebens mit Bezug zu Österreich. Zu den dokumentierten Tätigkeitsfeldern gehören Schauspiel und Oboe. Die verknüpften Münchner Programmdaten nennen Senta Berger bei „Senta Berger & Friedrich von Thun: Loriot – Szenen einer Ehe“.;MusicBrainz: Senta Berger;https://musicbrainz.org/artist/0a5970ce-b646-4060-91fb-88d7088c3b2d;MusicBrainz;1;0;biography_de per UUID aktualisieren;
2f95cc81-9efe-43be-9238-c5e4f8f9ea34;Sergej Prokofjew;Sergej Prokofjew;Importbereit;Mittel;Sergej Prokofjew ist eine Persönlichkeit des Musiklebens. Zu den dokumentierten Tätigkeitsfeldern gehören Komposition. Im erfassten Konzertrepertoire ist Sergej Prokofjew unter anderem mit „Klavierkonzert Nr. 2 g-Moll, op. 16“ vertreten.;Verknüpfte Veranstaltungsseite;https://www.mphil.de/en/concerts-tickets/calendar/concerts/prokofjew-korngold-williams-2026-12-06-11-00-00;Projektquelle/Veranstaltung;3;1;biography_de per UUID aktualisieren;
b6d7a173-5ff6-4136-9f9d-2a7d1990148b;Tamara Stefanovich;Tamara Stefanovich;Importbereit;Mittel bis hoch;Tamara Stefanovich ist eine Persönlichkeit des Musiklebens mit Bezug zu Deutschland. Zu den dokumentierten Tätigkeitsfeldern gehören Klavier. Die verknüpften Münchner Programmdaten nennen Tamara Stefanovich für solistische Mitwirkung bei „Symphonieorchester des Bayerischen Rundfunks mit Matthias Pintscher“.;MusicBrainz: pianist;https://musicbrainz.org/artist/a0f04def-3ab3-4a73-a458-ef72c7cc942f;MusicBrainz;1;0;biography_de per UUID aktualisieren;
3acff7ae-002f-4b3c-8c87-b829396e0c97;Thomas Hengelbrock;Thomas Hengelbrock;Importbereit;Mittel bis hoch;Thomas Hengelbrock (* 1958) ist eine Persönlichkeit des Musiklebens mit Bezug zu Deutschland. Zu den dokumentierten Tätigkeitsfeldern gehören Dirigieren und Violine. Die verknüpften Münchner Programmdaten nennen Thomas Hengelbrock für Dirigat bei „Münchner Philharmoniker: Mendelssohn Bartholdy Schumann“.;MusicBrainz: German violinist and conductor;https://musicbrainz.org/artist/5a566302-d6ff-4daf-87f7-6615cde91b42;MusicBrainz;2;0;biography_de per UUID aktualisieren;
3a171b59-62c2-497a-9935-fb2bb97f9c8e;Tōru Takemitsu;Tōru Takemitsu;Importbereit;Hoch;Tōru Takemitsu (1930–1996) war ein japanischer Komponist, der Konzertmusik, Filmmusik und elektroakustische Werke schrieb. Weitgehend autodidaktisch, setzte er sich intensiv mit europäischer Avantgarde, Debussy, Messiaen und John Cage auseinander und bezog später auch japanische Instrumente und ästhetische Vorstellungen in seine Klangsprache ein. Charakteristisch sind fein abgestufte Klangfarben, Stille und eine häufig von Naturbildern angeregte Formgestaltung. Takemitsu zählt zu den international einflussreichsten japanischen Komponisten des 20. Jahrhunderts.;IRCAM;https://resources.ircam.fr/en/composer/toru-takemitsu/biography;Institutionelle Website;0;2;biography_de per UUID aktualisieren;
481686b2-e11d-4af4-9129-e70b583cfc47;Valéry Aubertin;Valéry Aubertin;Importbereit;Mittel bis hoch;Valéry Aubertin (* 1970) ist eine Persönlichkeit des Musiklebens mit Bezug zu Frankreich. Zu den dokumentierten Tätigkeitsfeldern gehören Komposition. Im erfassten Konzertrepertoire ist Valéry Aubertin unter anderem mit „Première Sonate“ vertreten.;MusicBrainz: Valéry Aubertin;https://musicbrainz.org/artist/623c8ec2-c57c-4ad5-a170-1c6c276e8c48;MusicBrainz;0;1;biography_de per UUID aktualisieren;
e4f1bd57-321c-411f-b65f-9e4780d99c0b;Víkingur Ólafsson;Víkingur Ólafsson;Importbereit;Mittel bis hoch;Víkingur Ólafsson (* 1984) ist eine Persönlichkeit des Musiklebens mit Bezug zu Island. Zu den dokumentierten Tätigkeitsfeldern gehören Klavier. Die verknüpften Münchner Programmdaten nennen Víkingur Ólafsson bei „Víkingur Ólafsson“.;MusicBrainz: pianist;https://musicbrainz.org/artist/cea4a3b8-c26c-4b61-a243-cf72555e2c71;MusicBrainz;1;0;biography_de per UUID aktualisieren;
eb634447-d8be-49c3-bb98-58335355592a;Vladimir Fediakov;Vladimir Fediakov;Importbereit;Hoch;Vladimir Fediakov ist Puppenspieler, Bildhauer, Holzschnitzer und Figurenbauer am Salzburger Marionettentheater. Er wurde in Moskau geboren und arbeitete nach einer Ausbildung zum Automechaniker unter anderem als Möbelrestaurator. Seit 2000 gehört er dem Salzburger Marionettentheater an und wirkt dort sowohl auf der Bühne als auch an der Herstellung von Marionetten und Ausstattung mit. Seine Arbeit verbindet darstellerische Praxis mit handwerklicher Gestaltung.;Salzburger Marionettentheater;https://marionetten.at/en/ensemble-team;Offizielle Ensemblewebsite;1;0;"biography_de aktualisieren; falsche Website ersetzen";Die im Bestand hinterlegte Kreml-Website ist falsch und sollte durch die Ensemble-Seite ersetzt werden.
0f46dade-8081-4268-a9b4-3c3167104221;Wies de Boevé;Wies de Boevé;Importbereit;Mittel bis hoch;Wies de Boevé (* 1987) ist eine Persönlichkeit des Musiklebens mit Bezug zu Belgien. Zu den dokumentierten Tätigkeitsfeldern gehören Bassgesang. Die verknüpften Münchner Programmdaten nennen Wies de Boevé für solistische Mitwirkung bei „Isabelle Faust & Friends / Baselitz / Salzburger Marionettentheater“.;MusicBrainz: Belgian classical double bassist;https://musicbrainz.org/artist/b23281f9-784c-4e57-b419-b0c0d83752c9;MusicBrainz;1;0;biography_de per UUID aktualisieren;
2345756b-0bd3-4f16-8dee-115b45315c09;Wolfgang Rihm;Wolfgang Rihm;Importbereit;Mittel bis hoch;Wolfgang Rihm (1952–2024) war eine Persönlichkeit des Musiklebens mit Bezug zu Deutschland. Zu den dokumentierten Tätigkeitsfeldern gehören Komposition. Im erfassten Konzertrepertoire ist Wolfgang Rihm unter anderem mit „Dis-Kontur“, „Sub-Kontur“ und „Tutuguri“ vertreten.;MusicBrainz: German composer;https://musicbrainz.org/artist/c5918618-2d84-420f-98b5-3a2d9de84cfe;MusicBrainz;2;4;biography_de per UUID aktualisieren;
